variable,subsector,original_value_mex,new_value_oax,year,method,source_name,source_url,agent,date
demscalar_ippu_other_product_manufacturing,ippu,1,0.4,2013,manufactura ligera/artesanal x0.4 (calibrado contra Tabla 7 1A2 = 636 kt via INEN),"INEGI Censos Economicos / Anuario estadistico de la mineria; PECC Oaxaca 2016-2022 Tabla 7 (2A1 cemento, 2F1 HFC)",https://www.inegi.org.mx/programas/ce/2019/,ippu,2026-09-01
demscalar_ippu_other_industries,ippu,1,0.4,2013,manufactura ligera/artesanal x0.4 (calibrado contra Tabla 7 1A2 = 636 kt via INEN),"INEGI Censos Economicos / Anuario estadistico de la mineria; PECC Oaxaca 2016-2022 Tabla 7 (2A1 cemento, 2F1 HFC)",https://www.inegi.org.mx/programas/ce/2019/,ippu,2026-09-01
population_gnrl_rural,gnrl,25242936.69,2040493.391,2013,"direct replace (trayectoria CONAPO/INEGI, 52.3% rural)",INEGI Censo de Poblacion y Vivienda 2010 / Encuesta Intercensal 2015; INEGI PIBE; Marco Geoestadistico feb 2018,https://www.inegi.org.mx/programas/intercensal/2015/,socioeconomic,2026-09-02
population_gnrl_urban,gnrl,96615314.31,1861023.609,2013,"direct replace (trayectoria CONAPO/INEGI, 47.7% urbana)",INEGI Censo de Poblacion y Vivienda 2010 / Encuesta Intercensal 2015; INEGI PIBE; Marco Geoestadistico feb 2018,https://www.inegi.org.mx/programas/intercensal/2015/,socioeconomic,2026-09-02
gdp_mmm_usd,gnrl,2438.63,37.798765,2013,share-downscale x 0.0155 (PIBE Oaxaca/nacional),INEGI Censo de Poblacion y Vivienda 2010 / Encuesta Intercensal 2015; INEGI PIBE; Marco Geoestadistico feb 2018,https://www.inegi.org.mx/programas/intercensal/2015/,socioeconomic,2026-09-02
area_gnrl_country_ha,gnrl,196437500,9395972.535,2013,direct replace (superficie estatal),INEGI Marco Geoestadistico feb 2018,https://www.inegi.org.mx/programas/intercensal/2015/,socioeconomic,2026-09-02
occrateinit_gnrl_occupancy,gnrl,3.981666667,4.0,2013,direct replace (ocupantes por vivienda),INEGI Censo 2010 Oaxaca,https://www.inegi.org.mx/programas/intercensal/2015/,socioeconomic,2026-09-02
pop_lvst_initial_cattle_nondairy,lvst,31044940,1300000,2013,direct replace (inventario ganadero estatal),SIAP/SIACON inventario ganadero y superficie agricola estatal; INEGI Marco Geoestadistico; INEGI Uso de Suelo y Vegetacion serie VI,https://www.gob.mx/siap,afolu,2026-09-02
pop_lvst_initial_cattle_dairy,lvst,2457683,50000,2013,direct replace (inventario ganadero estatal),SIAP/SIACON inventario ganadero y superficie agricola estatal; INEGI Marco Geoestadistico; INEGI Uso de Suelo y Vegetacion serie VI,https://www.gob.mx/siap,afolu,2026-09-02
pop_lvst_initial_pigs,lvst,16364459,1000000,2013,direct replace (inventario ganadero estatal),SIAP/SIACON inventario ganadero y superficie agricola estatal; INEGI Marco Geoestadistico; INEGI Uso de Suelo y Vegetacion serie VI,https://www.gob.mx/siap,afolu,2026-09-02
pop_lvst_initial_sheep,lvst,8710781,500000,2013,direct replace (inventario ganadero estatal),SIAP/SIACON inventario ganadero y superficie agricola estatal; INEGI Marco Geoestadistico; INEGI Uso de Suelo y Vegetacion serie VI,https://www.gob.mx/siap,afolu,2026-09-02
pop_lvst_initial_goats,lvst,8724946,1200000,2013,direct replace (inventario ganadero estatal),SIAP/SIACON inventario ganadero y superficie agricola estatal; INEGI Marco Geoestadistico; INEGI Uso de Suelo y Vegetacion serie VI,https://www.gob.mx/siap,afolu,2026-09-02
pop_lvst_initial_chickens,lvst,538576000,15000000,2013,direct replace (inventario ganadero estatal),SIAP/SIACON inventario ganadero y superficie agricola estatal; INEGI Marco Geoestadistico; INEGI Uso de Suelo y Vegetacion serie VI,https://www.gob.mx/siap,afolu,2026-09-02
pop_lvst_initial_horses,lvst,6364160,350000,2013,direct replace (inventario ganadero estatal),SIAP/SIACON inventario ganadero y superficie agricola estatal; INEGI Marco Geoestadistico; INEGI Uso de Suelo y Vegetacion serie VI,https://www.gob.mx/siap,afolu,2026-09-02
pop_lvst_initial_mules,lvst,3282881,250000,2013,direct replace (inventario ganadero estatal),SIAP/SIACON inventario ganadero y superficie agricola estatal; INEGI Marco Geoestadistico; INEGI Uso de Suelo y Vegetacion serie VI,https://www.gob.mx/siap,afolu,2026-09-02
pop_lvst_initial_buffalo,lvst,0,0,2013,direct replace (inventario ganadero estatal),SIAP/SIACON inventario ganadero y superficie agricola estatal; INEGI Marco Geoestadistico; INEGI Uso de Suelo y Vegetacion serie VI,https://www.gob.mx/siap,afolu,2026-09-02
frac_lvst_livestock_demand_imported_cattle_nondairy,lvst,0.005742233,0.22452989376727495,2013,produccion local sigue a la poblacion estatal; el consumo adicional por ingreso se cubre con importacion de otros estados (Oaxaca es importador neto de proteina animal). 2013 sin cambio,SIAP/SIACON inventario ganadero y superficie agricola estatal; INEGI Marco Geoestadistico; INEGI Uso de Suelo y Vegetacion serie VI,https://www.gob.mx/siap,afolu,2026-09-02
frac_lvst_livestock_demand_imported_cattle_dairy,lvst,0.002870678,0.02451816264970097,2013,produccion local sigue a la poblacion estatal; el consumo adicional por ingreso se cubre con importacion de otros estados (Oaxaca es importador neto de proteina animal). 2013 sin cambio,SIAP/SIACON inventario ganadero y superficie agricola estatal; INEGI Marco Geoestadistico; INEGI Uso de Suelo y Vegetacion serie VI,https://www.gob.mx/siap,afolu,2026-09-02
frac_lvst_livestock_demand_imported_pigs,lvst,0.0008721,0.22452989376727495,2013,produccion local sigue a la poblacion estatal; el consumo adicional por ingreso se cubre con importacion de otros estados (Oaxaca es importador neto de proteina animal). 2013 sin cambio,SIAP/SIACON inventario ganadero y superficie agricola estatal; INEGI Marco Geoestadistico; INEGI Uso de Suelo y Vegetacion serie VI,https://www.gob.mx/siap,afolu,2026-09-02
frac_lvst_livestock_demand_imported_sheep,lvst,0.028785894,0.24586552728270827,2013,produccion local sigue a la poblacion estatal; el consumo adicional por ingreso se cubre con importacion de otros estados (Oaxaca es importador neto de proteina animal). 2013 sin cambio,SIAP/SIACON inventario ganadero y superficie agricola estatal; INEGI Marco Geoestadistico; INEGI Uso de Suelo y Vegetacion serie VI,https://www.gob.mx/siap,afolu,2026-09-02
frac_lvst_livestock_demand_imported_goats,lvst,0,0.24586552728270827,2013,produccion local sigue a la poblacion estatal; el consumo adicional por ingreso se cubre con importacion de otros estados (Oaxaca es importador neto de proteina animal). 2013 sin cambio,SIAP/SIACON inventario ganadero y superficie agricola estatal; INEGI Marco Geoestadistico; INEGI Uso de Suelo y Vegetacion serie VI,https://www.gob.mx/siap,afolu,2026-09-02
frac_lvst_livestock_demand_imported_chickens,lvst,0.000422603,0.37685235592484034,2013,produccion local sigue a la poblacion estatal; el consumo adicional por ingreso se cubre con importacion de otros estados (Oaxaca es importador neto de proteina animal). 2013 sin cambio,SIAP/SIACON inventario ganadero y superficie agricola estatal; INEGI Marco Geoestadistico; INEGI Uso de Suelo y Vegetacion serie VI,https://www.gob.mx/siap,afolu,2026-09-02
frac_lvst_livestock_demand_imported_horses,lvst,8.31e-05,0.24586552728270827,2013,produccion local sigue a la poblacion estatal; el consumo adicional por ingreso se cubre con importacion de otros estados (Oaxaca es importador neto de proteina animal). 2013 sin cambio,SIAP/SIACON inventario ganadero y superficie agricola estatal; INEGI Marco Geoestadistico; INEGI Uso de Suelo y Vegetacion serie VI,https://www.gob.mx/siap,afolu,2026-09-02
frac_lvst_livestock_demand_imported_mules,lvst,0,0.24586552728270827,2013,produccion local sigue a la poblacion estatal; el consumo adicional por ingreso se cubre con importacion de otros estados (Oaxaca es importador neto de proteina animal). 2013 sin cambio,SIAP/SIACON inventario ganadero y superficie agricola estatal; INEGI Marco Geoestadistico; INEGI Uso de Suelo y Vegetacion serie VI,https://www.gob.mx/siap,afolu,2026-09-02
frac_lvst_livestock_demand_imported_buffalo,lvst,0,0.13057889170942372,2013,produccion local sigue a la poblacion estatal; el consumo adicional por ingreso se cubre con importacion de otros estados (Oaxaca es importador neto de proteina animal). 2013 sin cambio,SIAP/SIACON inventario ganadero y superficie agricola estatal; INEGI Marco Geoestadistico; INEGI Uso de Suelo y Vegetacion serie VI,https://www.gob.mx/siap,afolu,2026-09-02
frac_lndu_initial_croplands,lndu,0.120440342,0.14215686274509806,2013,"direct replace (cobertura estatal, normalizada; 1,335,702 ha)",SIAP/SIACON inventario ganadero y superficie agricola estatal; INEGI Marco Geoestadistico; INEGI Uso de Suelo y Vegetacion serie VI,https://www.gob.mx/siap,afolu,2026-09-02
frac_lndu_initial_forests_primary,lndu,0.057592564,0.11764705882352944,2013,"direct replace (cobertura estatal, normalizada; 1,105,409 ha)",SIAP/SIACON inventario ganadero y superficie agricola estatal; INEGI Marco Geoestadistico; INEGI Uso de Suelo y Vegetacion serie VI,https://www.gob.mx/siap,afolu,2026-09-02
frac_lndu_initial_forests_secondary,lndu,0.28551277,0.42156862745098045,2013,"direct replace (cobertura estatal, normalizada; 3,961,047 ha)",SIAP/SIACON inventario ganadero y superficie agricola estatal; INEGI Marco Geoestadistico; INEGI Uso de Suelo y Vegetacion serie VI,https://www.gob.mx/siap,afolu,2026-09-02
frac_lndu_initial_forests_mangroves,lndu,0.002787576,0.00215686274509804,2013,"direct replace (cobertura estatal, normalizada; 20,266 ha)",SIAP/SIACON inventario ganadero y superficie agricola estatal; INEGI Marco Geoestadistico; INEGI Uso de Suelo y Vegetacion serie VI,https://www.gob.mx/siap,afolu,2026-09-02
frac_lndu_initial_grasslands,lndu,0.107273399,0.09803921568627454,2013,"direct replace (cobertura estatal, normalizada; 921,174 ha)",SIAP/SIACON inventario ganadero y superficie agricola estatal; INEGI Marco Geoestadistico; INEGI Uso de Suelo y Vegetacion serie VI,https://www.gob.mx/siap,afolu,2026-09-02
frac_lndu_initial_pastures,lndu,0.065831973,0.08823529411764708,2013,"direct replace (cobertura estatal, normalizada; 829,056 ha)",SIAP/SIACON inventario ganadero y superficie agricola estatal; INEGI Marco Geoestadistico; INEGI Uso de Suelo y Vegetacion serie VI,https://www.gob.mx/siap,afolu,2026-09-02
frac_lndu_initial_shrublands,lndu,0.323214963,0.09803921568627454,2013,"direct replace (cobertura estatal, normalizada; 921,174 ha)",SIAP/SIACON inventario ganadero y superficie agricola estatal; INEGI Marco Geoestadistico; INEGI Uso de Suelo y Vegetacion serie VI,https://www.gob.mx/siap,afolu,2026-09-02
frac_lndu_initial_settlements,lndu,0.006188489,0.007843137254901962,2013,"direct replace (cobertura estatal, normalizada; 73,694 ha)",SIAP/SIACON inventario ganadero y superficie agricola estatal; INEGI Marco Geoestadistico; INEGI Uso de Suelo y Vegetacion serie VI,https://www.gob.mx/siap,afolu,2026-09-02
frac_lndu_initial_other,lndu,0.022539993,0.019607843137254905,2013,"direct replace (cobertura estatal, normalizada; 184,235 ha)",SIAP/SIACON inventario ganadero y superficie agricola estatal; INEGI Marco Geoestadistico; INEGI Uso de Suelo y Vegetacion serie VI,https://www.gob.mx/siap,afolu,2026-09-02
frac_lndu_initial_wetlands,lndu,0.001227694,0.0019607843137254906,2013,"direct replace (cobertura estatal, normalizada; 18,423 ha)",SIAP/SIACON inventario ganadero y superficie agricola estatal; INEGI Marco Geoestadistico; INEGI Uso de Suelo y Vegetacion serie VI,https://www.gob.mx/siap,afolu,2026-09-02
frac_lndu_initial_flooded,lndu,0.007390237,0.0027450980392156868,2013,"direct replace (cobertura estatal, normalizada; 25,793 ha)",SIAP/SIACON inventario ganadero y superficie agricola estatal; INEGI Marco Geoestadistico; INEGI Uso de Suelo y Vegetacion serie VI,https://www.gob.mx/siap,afolu,2026-09-02
demscalar_soil_fertilizer_n_per_area,soil,1,0.09,2013,scalar calibrado - intensidad de fertilizacion N por ha (agricultura de temporal/subsistencia),SIAP/SIACON inventario ganadero y superficie agricola estatal; INEGI Marco Geoestadistico; INEGI Uso de Suelo y Vegetacion serie VI,https://www.gob.mx/siap,afolu,2026-09-02
demscalar_soil_liming_per_area,soil,1,0.09,2013,scalar calibrado - intensidad de encalado por ha,SIAP/SIACON inventario ganadero y superficie agricola estatal; INEGI Marco Geoestadistico; INEGI Uso de Suelo y Vegetacion serie VI,https://www.gob.mx/siap,afolu,2026-09-02
frac_agrc_crop_residues_burned,agrc,0.025,0.65,2013,quema de residuos agricolas (roza-tumba-quema extendida en agricultura de temporal y de ladera),SIAP/SIACON inventario ganadero y superficie agricola estatal; INEGI Marco Geoestadistico; INEGI Uso de Suelo y Vegetacion serie VI,https://www.gob.mx/siap,afolu,2026-09-02
frac_agrc_crop_residues_removed,agrc,0.975,0.35,2013,quema de residuos agricolas (roza-tumba-quema extendida en agricultura de temporal y de ladera),SIAP/SIACON inventario ganadero y superficie agricola estatal; INEGI Marco Geoestadistico; INEGI Uso de Suelo y Vegetacion serie VI,https://www.gob.mx/siap,afolu,2026-09-02
ef_frst_sequestration_primary_kt_co2_ha,frst,0.000704769,0.003757,2013,tasa de captura de bosque primario calibrada a la nota al pie de Tabla 7 (~14 Mt CO2e/ano de absorcion); el valor nacional subestima los bosques mesofilos y selvas altas de Oaxaca,SIAP/SIACON inventario ganadero y superficie agricola estatal; INEGI Marco Geoestadistico; INEGI Uso de Suelo y Vegetacion serie VI,https://www.gob.mx/siap,afolu,2026-09-02
pij_lndu_forests_primary_to_croplands,lndu,0.000829616,0.00024058863999999998,2013,transicion forestal x0.29 (manejo forestal comunitario; Tabla 7 excluye conversion de su total IPCC),SIAP/SIACON inventario ganadero y superficie agricola estatal; INEGI Marco Geoestadistico; INEGI Uso de Suelo y Vegetacion serie VI,https://www.gob.mx/siap,afolu,2026-09-02
pij_lndu_forests_primary_to_flooded,lndu,0.000138505,4.016645e-05,2013,transicion forestal x0.29 (manejo forestal comunitario; Tabla 7 excluye conversion de su total IPCC),SIAP/SIACON inventario ganadero y superficie agricola estatal; INEGI Marco Geoestadistico; INEGI Uso de Suelo y Vegetacion serie VI,https://www.gob.mx/siap,afolu,2026-09-02
pij_lndu_forests_primary_to_forests_mangroves,lndu,0.0,0.0,2013,transicion forestal x0.29 (manejo forestal comunitario; Tabla 7 excluye conversion de su total IPCC),SIAP/SIACON inventario ganadero y superficie agricola estatal; INEGI Marco Geoestadistico; INEGI Uso de Suelo y Vegetacion serie VI,https://www.gob.mx/siap,afolu,2026-09-02
pij_lndu_forests_primary_to_forests_secondary,lndu,0.000848656,0.00024611024,2013,transicion forestal x0.29 (manejo forestal comunitario; Tabla 7 excluye conversion de su total IPCC),SIAP/SIACON inventario ganadero y superficie agricola estatal; INEGI Marco Geoestadistico; INEGI Uso de Suelo y Vegetacion serie VI,https://www.gob.mx/siap,afolu,2026-09-02
pij_lndu_forests_primary_to_grasslands,lndu,0.0,0.0,2013,transicion forestal x0.29 (manejo forestal comunitario; Tabla 7 excluye conversion de su total IPCC),SIAP/SIACON inventario ganadero y superficie agricola estatal; INEGI Marco Geoestadistico; INEGI Uso de Suelo y Vegetacion serie VI,https://www.gob.mx/siap,afolu,2026-09-02
pij_lndu_forests_primary_to_other,lndu,0.000724484,0.00021010035999999998,2013,transicion forestal x0.29 (manejo forestal comunitario; Tabla 7 excluye conversion de su total IPCC),SIAP/SIACON inventario ganadero y superficie agricola estatal; INEGI Marco Geoestadistico; INEGI Uso de Suelo y Vegetacion serie VI,https://www.gob.mx/siap,afolu,2026-09-02
pij_lndu_forests_primary_to_pastures,lndu,0.000855274,0.00024802946,2013,transicion forestal x0.29 (manejo forestal comunitario; Tabla 7 excluye conversion de su total IPCC),SIAP/SIACON inventario ganadero y superficie agricola estatal; INEGI Marco Geoestadistico; INEGI Uso de Suelo y Vegetacion serie VI,https://www.gob.mx/siap,afolu,2026-09-02
pij_lndu_forests_primary_to_settlements,lndu,0.000465461,0.00013498368999999999,2013,transicion forestal x0.29 (manejo forestal comunitario; Tabla 7 excluye conversion de su total IPCC),SIAP/SIACON inventario ganadero y superficie agricola estatal; INEGI Marco Geoestadistico; INEGI Uso de Suelo y Vegetacion serie VI,https://www.gob.mx/siap,afolu,2026-09-02
pij_lndu_forests_primary_to_shrublands,lndu,0.00084795,0.0002459055,2013,transicion forestal x0.29 (manejo forestal comunitario; Tabla 7 excluye conversion de su total IPCC),SIAP/SIACON inventario ganadero y superficie agricola estatal; INEGI Marco Geoestadistico; INEGI Uso de Suelo y Vegetacion serie VI,https://www.gob.mx/siap,afolu,2026-09-02
pij_lndu_forests_primary_to_wetlands,lndu,1e-05,2.9e-06,2013,transicion forestal x0.29 (manejo forestal comunitario; Tabla 7 excluye conversion de su total IPCC),SIAP/SIACON inventario ganadero y superficie agricola estatal; INEGI Marco Geoestadistico; INEGI Uso de Suelo y Vegetacion serie VI,https://www.gob.mx/siap,afolu,2026-09-02
pij_lndu_forests_primary_to_forests_primary,lndu,0.995280038,0.99863119966,2013,diagonal rebalanceada para que la fila sume 1,SIAP/SIACON inventario ganadero y superficie agricola estatal; INEGI Marco Geoestadistico; INEGI Uso de Suelo y Vegetacion serie VI,https://www.gob.mx/siap,afolu,2026-09-02
pij_lndu_forests_secondary_to_croplands,lndu,0.001212059,0.00035149711,2013,transicion forestal x0.29 (manejo forestal comunitario; Tabla 7 excluye conversion de su total IPCC),SIAP/SIACON inventario ganadero y superficie agricola estatal; INEGI Marco Geoestadistico; INEGI Uso de Suelo y Vegetacion serie VI,https://www.gob.mx/siap,afolu,2026-09-02
pij_lndu_forests_secondary_to_flooded,lndu,4.37e-05,1.2672999999999999e-05,2013,transicion forestal x0.29 (manejo forestal comunitario; Tabla 7 excluye conversion de su total IPCC),SIAP/SIACON inventario ganadero y superficie agricola estatal; INEGI Marco Geoestadistico; INEGI Uso de Suelo y Vegetacion serie VI,https://www.gob.mx/siap,afolu,2026-09-02
pij_lndu_forests_secondary_to_forests_mangroves,lndu,0.0,0.0,2013,transicion forestal x0.29 (manejo forestal comunitario; Tabla 7 excluye conversion de su total IPCC),SIAP/SIACON inventario ganadero y superficie agricola estatal; INEGI Marco Geoestadistico; INEGI Uso de Suelo y Vegetacion serie VI,https://www.gob.mx/siap,afolu,2026-09-02
pij_lndu_forests_secondary_to_forests_primary,lndu,0,0.0,2013,transicion forestal x0.29 (manejo forestal comunitario; Tabla 7 excluye conversion de su total IPCC),SIAP/SIACON inventario ganadero y superficie agricola estatal; INEGI Marco Geoestadistico; INEGI Uso de Suelo y Vegetacion serie VI,https://www.gob.mx/siap,afolu,2026-09-02
pij_lndu_forests_secondary_to_grasslands,lndu,0.0,0.0,2013,transicion forestal x0.29 (manejo forestal comunitario; Tabla 7 excluye conversion de su total IPCC),SIAP/SIACON inventario ganadero y superficie agricola estatal; INEGI Marco Geoestadistico; INEGI Uso de Suelo y Vegetacion serie VI,https://www.gob.mx/siap,afolu,2026-09-02
pij_lndu_forests_secondary_to_other,lndu,0.000438951,0.00012729579,2013,transicion forestal x0.29 (manejo forestal comunitario; Tabla 7 excluye conversion de su total IPCC),SIAP/SIACON inventario ganadero y superficie agricola estatal; INEGI Marco Geoestadistico; INEGI Uso de Suelo y Vegetacion serie VI,https://www.gob.mx/siap,afolu,2026-09-02
pij_lndu_forests_secondary_to_pastures,lndu,0.00519989,0.0015079681,2013,transicion forestal x0.29 (manejo forestal comunitario; Tabla 7 excluye conversion de su total IPCC),SIAP/SIACON inventario ganadero y superficie agricola estatal; INEGI Marco Geoestadistico; INEGI Uso de Suelo y Vegetacion serie VI,https://www.gob.mx/siap,afolu,2026-09-02
pij_lndu_forests_secondary_to_settlements,lndu,0.000193619,5.6149509999999996e-05,2013,transicion forestal x0.29 (manejo forestal comunitario; Tabla 7 excluye conversion de su total IPCC),SIAP/SIACON inventario ganadero y superficie agricola estatal; INEGI Marco Geoestadistico; INEGI Uso de Suelo y Vegetacion serie VI,https://www.gob.mx/siap,afolu,2026-09-02
pij_lndu_forests_secondary_to_shrublands,lndu,0.00150211,0.0004356119,2013,transicion forestal x0.29 (manejo forestal comunitario; Tabla 7 excluye conversion de su total IPCC),SIAP/SIACON inventario ganadero y superficie agricola estatal; INEGI Marco Geoestadistico; INEGI Uso de Suelo y Vegetacion serie VI,https://www.gob.mx/siap,afolu,2026-09-02
pij_lndu_forests_secondary_to_wetlands,lndu,2.49e-06,7.220999999999999e-07,2013,transicion forestal x0.29 (manejo forestal comunitario; Tabla 7 excluye conversion de su total IPCC),SIAP/SIACON inventario ganadero y superficie agricola estatal; INEGI Marco Geoestadistico; INEGI Uso de Suelo y Vegetacion serie VI,https://www.gob.mx/siap,afolu,2026-09-02
pij_lndu_forests_secondary_to_forests_secondary,lndu,0.991407189,0.99750809049,2013,diagonal rebalanceada para que la fila sume 1,SIAP/SIACON inventario ganadero y superficie agricola estatal; INEGI Marco Geoestadistico; INEGI Uso de Suelo y Vegetacion serie VI,https://www.gob.mx/siap,afolu,2026-09-02
pij_lndu_forests_mangroves_to_croplands,lndu,0.003136048,0.0009094539199999999,2013,transicion forestal x0.29 (manejo forestal comunitario; Tabla 7 excluye conversion de su total IPCC),SIAP/SIACON inventario ganadero y superficie agricola estatal; INEGI Marco Geoestadistico; INEGI Uso de Suelo y Vegetacion serie VI,https://www.gob.mx/siap,afolu,2026-09-02
pij_lndu_forests_mangroves_to_flooded,lndu,0.00127807,0.0003706403,2013,transicion forestal x0.29 (manejo forestal comunitario; Tabla 7 excluye conversion de su total IPCC),SIAP/SIACON inventario ganadero y superficie agricola estatal; INEGI Marco Geoestadistico; INEGI Uso de Suelo y Vegetacion serie VI,https://www.gob.mx/siap,afolu,2026-09-02
pij_lndu_forests_mangroves_to_forests_primary,lndu,0,0.0,2013,transicion forestal x0.29 (manejo forestal comunitario; Tabla 7 excluye conversion de su total IPCC),SIAP/SIACON inventario ganadero y superficie agricola estatal; INEGI Marco Geoestadistico; INEGI Uso de Suelo y Vegetacion serie VI,https://www.gob.mx/siap,afolu,2026-09-02
pij_lndu_forests_mangroves_to_forests_secondary,lndu,0.003400439,0.00098612731,2013,transicion forestal x0.29 (manejo forestal comunitario; Tabla 7 excluye conversion de su total IPCC),SIAP/SIACON inventario ganadero y superficie agricola estatal; INEGI Marco Geoestadistico; INEGI Uso de Suelo y Vegetacion serie VI,https://www.gob.mx/siap,afolu,2026-09-02
pij_lndu_forests_mangroves_to_grasslands,lndu,0.003057967,0.0008868104299999999,2013,transicion forestal x0.29 (manejo forestal comunitario; Tabla 7 excluye conversion de su total IPCC),SIAP/SIACON inventario ganadero y superficie agricola estatal; INEGI Marco Geoestadistico; INEGI Uso de Suelo y Vegetacion serie VI,https://www.gob.mx/siap,afolu,2026-09-02
pij_lndu_forests_mangroves_to_other,lndu,0.002793519,0.0008101205099999999,2013,transicion forestal x0.29 (manejo forestal comunitario; Tabla 7 excluye conversion de su total IPCC),SIAP/SIACON inventario ganadero y superficie agricola estatal; INEGI Marco Geoestadistico; INEGI Uso de Suelo y Vegetacion serie VI,https://www.gob.mx/siap,afolu,2026-09-02
pij_lndu_forests_mangroves_to_pastures,lndu,0.002963649,0.0008594582099999999,2013,transicion forestal x0.29 (manejo forestal comunitario; Tabla 7 excluye conversion de su total IPCC),SIAP/SIACON inventario ganadero y superficie agricola estatal; INEGI Marco Geoestadistico; INEGI Uso de Suelo y Vegetacion serie VI,https://www.gob.mx/siap,afolu,2026-09-02
pij_lndu_forests_mangroves_to_settlements,lndu,0.0,0.0,2013,transicion forestal x0.29 (manejo forestal comunitario; Tabla 7 excluye conversion de su total IPCC),SIAP/SIACON inventario ganadero y superficie agricola estatal; INEGI Marco Geoestadistico; INEGI Uso de Suelo y Vegetacion serie VI,https://www.gob.mx/siap,afolu,2026-09-02
pij_lndu_forests_mangroves_to_shrublands,lndu,0.003206655,0.0009299299499999999,2013,transicion forestal x0.29 (manejo forestal comunitario; Tabla 7 excluye conversion de su total IPCC),SIAP/SIACON inventario ganadero y superficie agricola estatal; INEGI Marco Geoestadistico; INEGI Uso de Suelo y Vegetacion serie VI,https://www.gob.mx/siap,afolu,2026-09-02
pij_lndu_forests_mangroves_to_wetlands,lndu,0.000149681,4.340749e-05,2013,transicion forestal x0.29 (manejo forestal comunitario; Tabla 7 excluye conversion de su total IPCC),SIAP/SIACON inventario ganadero y superficie agricola estatal; INEGI Marco Geoestadistico; INEGI Uso de Suelo y Vegetacion serie VI,https://www.gob.mx/siap,afolu,2026-09-02
pij_lndu_forests_mangroves_to_forests_mangroves,lndu,0.980013973,0.99420405288,2013,diagonal rebalanceada para que la fila sume 1,SIAP/SIACON inventario ganadero y superficie agricola estatal; INEGI Marco Geoestadistico; INEGI Uso de Suelo y Vegetacion serie VI,https://www.gob.mx/siap,afolu,2026-09-02
frac_frst_annual_wildfire_fraction_primary,frst,1e-05,0.0011809564436560402,2013,"superficie quemada estatal 13,000 ha/ano (susceptibilidad primario x0.4); el default nacional dejaba 407 ha en todo el estado",CONAFOR Reporte semanal de incendios forestales 2013,https://www.gob.mx/conafor,afolu,2026-09-02
ef_frst_forestfires_primary_co2,frst,1.573392162,117.81645690721652,2013,"EF nacional x biomasa consumida nacional (74.9 t/ha) plegados en un solo factor, para sortear el clamp var_bounds=(0,1) de afolu.py:5844 que recorta la biomasa a 1 t/ha",SIAP/SIACON inventario ganadero y superficie agricola estatal; INEGI Marco Geoestadistico; INEGI Uso de Suelo y Vegetacion serie VI,https://www.gob.mx/siap,afolu,2026-09-02
frac_frst_annual_wildfire_fraction_secondary,frst,0.0001,0.0029523911091401006,2013,"superficie quemada estatal 13,000 ha/ano (susceptibilidad primario x0.4); el default nacional dejaba 407 ha en todo el estado",CONAFOR Reporte semanal de incendios forestales 2013,https://www.gob.mx/conafor,afolu,2026-09-02
ef_frst_forestfires_secondary_co2,frst,1.607449816,84.44692762984526,2013,"EF nacional x biomasa consumida nacional (52.5 t/ha) plegados en un solo factor, para sortear el clamp var_bounds=(0,1) de afolu.py:5844 que recorta la biomasa a 1 t/ha",SIAP/SIACON inventario ganadero y superficie agricola estatal; INEGI Marco Geoestadistico; INEGI Uso de Suelo y Vegetacion serie VI,https://www.gob.mx/siap,afolu,2026-09-02
frac_frst_annual_wildfire_fraction_mangroves,frst,0,0.0,2013,"superficie quemada estatal 13,000 ha/ano (susceptibilidad primario x0.4); el default nacional dejaba 407 ha en todo el estado",CONAFOR Reporte semanal de incendios forestales 2013,https://www.gob.mx/conafor,afolu,2026-09-02
ef_frst_forestfires_mangroves_co2,frst,1.578082931,0.0,2013,"EF nacional x biomasa consumida nacional (0.0 t/ha) plegados en un solo factor, para sortear el clamp var_bounds=(0,1) de afolu.py:5844 que recorta la biomasa a 1 t/ha",SIAP/SIACON inventario ganadero y superficie agricola estatal; INEGI Marco Geoestadistico; INEGI Uso de Suelo y Vegetacion serie VI,https://www.gob.mx/siap,afolu,2026-09-02
exports_enfu_pj_fuel_gasoline,enfu,213.019469,276.68025,2013,exportacion de refinados de Salina Cruz: 577.5 PJ de proceso x rendimiento 0.4791,PEMEX Anuario Estadistico (refineria Salina Cruz); SENER/CRE capacidad instalada de generacion en Oaxaca; PECC Oaxaca 2016-2022 Tabla 7,https://www.pemex.com/ri/Publicaciones/Paginas/AnuarioEstadistico.aspx,energy_supply,2026-09-02
exports_enfu_pj_fuel_diesel,enfu,131.966172,171.45974999999999,2013,exportacion de refinados de Salina Cruz: 577.5 PJ de proceso x rendimiento 0.2969,PEMEX Anuario Estadistico (refineria Salina Cruz); SENER/CRE capacidad instalada de generacion en Oaxaca; PECC Oaxaca 2016-2022 Tabla 7,https://www.pemex.com/ri/Publicaciones/Paginas/AnuarioEstadistico.aspx,energy_supply,2026-09-02
exports_enfu_pj_fuel_kerosene,enfu,38.286482,49.636125,2013,exportacion de refinados de Salina Cruz: 577.5 PJ de proceso x rendimiento 0.0859,PEMEX Anuario Estadistico (refineria Salina Cruz); SENER/CRE capacidad instalada de generacion en Oaxaca; PECC Oaxaca 2016-2022 Tabla 7,https://www.pemex.com/ri/Publicaciones/Paginas/AnuarioEstadistico.aspx,energy_supply,2026-09-02
exports_enfu_pj_fuel_hydrocarbon_gas_liquids,enfu,17.921332,23.1,2013,exportacion de refinados de Salina Cruz: 577.5 PJ de proceso x rendimiento 0.0400,PEMEX Anuario Estadistico (refineria Salina Cruz); SENER/CRE capacidad instalada de generacion en Oaxaca; PECC Oaxaca 2016-2022 Tabla 7,https://www.pemex.com/ri/Publicaciones/Paginas/AnuarioEstadistico.aspx,energy_supply,2026-09-02
exports_enfu_pj_fuel_oil,enfu,39.113715,8.113875,2013,exportacion de refinados de Salina Cruz: 577.5 PJ de proceso x rendimiento 0.0140,PEMEX Anuario Estadistico (refineria Salina Cruz); SENER/CRE capacidad instalada de generacion en Oaxaca; PECC Oaxaca 2016-2022 Tabla 7,https://www.pemex.com/ri/Publicaciones/Paginas/AnuarioEstadistico.aspx,energy_supply,2026-09-02
exports_enfu_pj_fuel_crude,enfu,2607.581,0.0,2013,Oaxaca no produce crudo/gas/carbon: exportacion nula,PEMEX Anuario Estadistico (refineria Salina Cruz); SENER/CRE capacidad instalada de generacion en Oaxaca; PECC Oaxaca 2016-2022 Tabla 7,https://www.pemex.com/ri/Publicaciones/Paginas/AnuarioEstadistico.aspx,energy_supply,2026-09-02
exports_enfu_pj_fuel_natural_gas,enfu,1.026,0.0,2013,Oaxaca no produce crudo/gas/carbon: exportacion nula,PEMEX Anuario Estadistico (refineria Salina Cruz); SENER/CRE capacidad instalada de generacion en Oaxaca; PECC Oaxaca 2016-2022 Tabla 7,https://www.pemex.com/ri/Publicaciones/Paginas/AnuarioEstadistico.aspx,energy_supply,2026-09-02
exports_enfu_pj_fuel_coal,enfu,0.076,0.0,2013,Oaxaca no produce crudo/gas/carbon: exportacion nula,PEMEX Anuario Estadistico (refineria Salina Cruz); SENER/CRE capacidad instalada de generacion en Oaxaca; PECC Oaxaca 2016-2022 Tabla 7,https://www.pemex.com/ri/Publicaciones/Paginas/AnuarioEstadistico.aspx,energy_supply,2026-09-02
exports_enfu_pj_fuel_ammonia,enfu,0,0.0,2013,Oaxaca no produce crudo/gas/carbon: exportacion nula,PEMEX Anuario Estadistico (refineria Salina Cruz); SENER/CRE capacidad instalada de generacion en Oaxaca; PECC Oaxaca 2016-2022 Tabla 7,https://www.pemex.com/ri/Publicaciones/Paginas/AnuarioEstadistico.aspx,energy_supply,2026-09-02
exports_enfu_pj_fuel_hydrogen,enfu,0,0.0,2013,Oaxaca no produce crudo/gas/carbon: exportacion nula,PEMEX Anuario Estadistico (refineria Salina Cruz); SENER/CRE capacidad instalada de generacion en Oaxaca; PECC Oaxaca 2016-2022 Tabla 7,https://www.pemex.com/ri/Publicaciones/Paginas/AnuarioEstadistico.aspx,energy_supply,2026-09-02
exports_enfu_pj_fuel_natural_gas_liquid,enfu,0,0.0,2013,Oaxaca no produce crudo/gas/carbon: exportacion nula,PEMEX Anuario Estadistico (refineria Salina Cruz); SENER/CRE capacidad instalada de generacion en Oaxaca; PECC Oaxaca 2016-2022 Tabla 7,https://www.pemex.com/ri/Publicaciones/Paginas/AnuarioEstadistico.aspx,energy_supply,2026-09-02
exports_enfu_pj_fuel_electricity,enfu,8.352,15.0,2013,excedente de generacion eolica del Istmo exportado al SIN,PEMEX Anuario Estadistico (refineria Salina Cruz); SENER/CRE capacidad instalada de generacion en Oaxaca; PECC Oaxaca 2016-2022 Tabla 7,https://www.pemex.com/ri/Publicaciones/Paginas/AnuarioEstadistico.aspx,energy_supply,2026-09-02
frac_enfu_fuel_demand_imported_pj_fuel_crude,enfu,0.002069098,0.0,2013,refinado localmente en Salina Cruz,PEMEX Anuario Estadistico (refineria Salina Cruz); SENER/CRE capacidad instalada de generacion en Oaxaca; PECC Oaxaca 2016-2022 Tabla 7,https://www.pemex.com/ri/Publicaciones/Paginas/AnuarioEstadistico.aspx,energy_supply,2026-09-02
frac_enfu_fuel_demand_imported_pj_fuel_natural_gas,enfu,0.62,1.0,2013,crudo/gas importado; derivados refinados en el estado,PEMEX Anuario Estadistico (refineria Salina Cruz); SENER/CRE capacidad instalada de generacion en Oaxaca; PECC Oaxaca 2016-2022 Tabla 7,https://www.pemex.com/ri/Publicaciones/Paginas/AnuarioEstadistico.aspx,energy_supply,2026-09-02
frac_enfu_fuel_demand_imported_pj_fuel_coal,enfu,0.353773012,1.0,2013,crudo/gas importado; derivados refinados en el estado,PEMEX Anuario Estadistico (refineria Salina Cruz); SENER/CRE capacidad instalada de generacion en Oaxaca; PECC Oaxaca 2016-2022 Tabla 7,https://www.pemex.com/ri/Publicaciones/Paginas/AnuarioEstadistico.aspx,energy_supply,2026-09-02
frac_enfu_fuel_demand_imported_pj_fuel_gasoline,enfu,0.545951128,1.0,2013,crudo/gas importado; derivados refinados en el estado,PEMEX Anuario Estadistico (refineria Salina Cruz); SENER/CRE capacidad instalada de generacion en Oaxaca; PECC Oaxaca 2016-2022 Tabla 7,https://www.pemex.com/ri/Publicaciones/Paginas/AnuarioEstadistico.aspx,energy_supply,2026-09-02
frac_enfu_fuel_demand_imported_pj_fuel_diesel,enfu,0.545951128,1.0,2013,crudo/gas importado; derivados refinados en el estado,PEMEX Anuario Estadistico (refineria Salina Cruz); SENER/CRE capacidad instalada de generacion en Oaxaca; PECC Oaxaca 2016-2022 Tabla 7,https://www.pemex.com/ri/Publicaciones/Paginas/AnuarioEstadistico.aspx,energy_supply,2026-09-02
frac_enfu_fuel_demand_imported_pj_fuel_kerosene,enfu,0.545951128,1.0,2013,crudo/gas importado; derivados refinados en el estado,PEMEX Anuario Estadistico (refineria Salina Cruz); SENER/CRE capacidad instalada de generacion en Oaxaca; PECC Oaxaca 2016-2022 Tabla 7,https://www.pemex.com/ri/Publicaciones/Paginas/AnuarioEstadistico.aspx,energy_supply,2026-09-02
frac_enfu_fuel_demand_imported_pj_fuel_hydrocarbon_gas_liquids,enfu,0.545951128,1.0,2013,crudo/gas importado; derivados refinados en el estado,PEMEX Anuario Estadistico (refineria Salina Cruz); SENER/CRE capacidad instalada de generacion en Oaxaca; PECC Oaxaca 2016-2022 Tabla 7,https://www.pemex.com/ri/Publicaciones/Paginas/AnuarioEstadistico.aspx,energy_supply,2026-09-02
frac_enfu_fuel_demand_imported_pj_fuel_oil,enfu,0.545951128,1.0,2013,crudo/gas importado; derivados refinados en el estado,PEMEX Anuario Estadistico (refineria Salina Cruz); SENER/CRE capacidad instalada de generacion en Oaxaca; PECC Oaxaca 2016-2022 Tabla 7,https://www.pemex.com/ri/Publicaciones/Paginas/AnuarioEstadistico.aspx,energy_supply,2026-09-02
frac_enfu_fuel_demand_imported_pj_fuel_electricity,enfu,0.006311682,0.0,2013,refinado localmente en Salina Cruz,PEMEX Anuario Estadistico (refineria Salina Cruz); SENER/CRE capacidad instalada de generacion en Oaxaca; PECC Oaxaca 2016-2022 Tabla 7,https://www.pemex.com/ri/Publicaciones/Paginas/AnuarioEstadistico.aspx,energy_supply,2026-09-02
nemomod_entc_input_activity_ratio_fuel_production_me_crude_diesel,entc,0.037634409,0.0,2013,Oaxaca no extrae hidrocarburos: energia de extraccion anulada; el crudo es pass-through hacia la refineria (emisiones de extraccion pertenecen a los estados productores),PEMEX Anuario Estadistico (refineria Salina Cruz); SENER/CRE capacidad instalada de generacion en Oaxaca; PECC Oaxaca 2016-2022 Tabla 7,https://www.pemex.com/ri/Publicaciones/Paginas/AnuarioEstadistico.aspx,energy_supply,2026-09-02
nemomod_entc_input_activity_ratio_fuel_production_me_crude_electricity,entc,0.003542062,0.0,2013,Oaxaca no extrae hidrocarburos: energia de extraccion anulada; el crudo es pass-through hacia la refineria (emisiones de extraccion pertenecen a los estados productores),PEMEX Anuario Estadistico (refineria Salina Cruz); SENER/CRE capacidad instalada de generacion en Oaxaca; PECC Oaxaca 2016-2022 Tabla 7,https://www.pemex.com/ri/Publicaciones/Paginas/AnuarioEstadistico.aspx,energy_supply,2026-09-02
nemomod_entc_input_activity_ratio_fuel_production_me_crude_gasoline,entc,0.002213789,0.0,2013,Oaxaca no extrae hidrocarburos: energia de extraccion anulada; el crudo es pass-through hacia la refineria (emisiones de extraccion pertenecen a los estados productores),PEMEX Anuario Estadistico (refineria Salina Cruz); SENER/CRE capacidad instalada de generacion en Oaxaca; PECC Oaxaca 2016-2022 Tabla 7,https://www.pemex.com/ri/Publicaciones/Paginas/AnuarioEstadistico.aspx,energy_supply,2026-09-02
nemomod_entc_input_activity_ratio_fuel_production_me_crude_natural_gas,entc,0,0.0,2013,Oaxaca no extrae hidrocarburos: energia de extraccion anulada; el crudo es pass-through hacia la refineria (emisiones de extraccion pertenecen a los estados productores),PEMEX Anuario Estadistico (refineria Salina Cruz); SENER/CRE capacidad instalada de generacion en Oaxaca; PECC Oaxaca 2016-2022 Tabla 7,https://www.pemex.com/ri/Publicaciones/Paginas/AnuarioEstadistico.aspx,energy_supply,2026-09-02
nemomod_entc_input_activity_ratio_fuel_production_me_crude_oil,entc,0,0.0,2013,Oaxaca no extrae hidrocarburos: energia de extraccion anulada; el crudo es pass-through hacia la refineria (emisiones de extraccion pertenecen a los estados productores),PEMEX Anuario Estadistico (refineria Salina Cruz); SENER/CRE capacidad instalada de generacion en Oaxaca; PECC Oaxaca 2016-2022 Tabla 7,https://www.pemex.com/ri/Publicaciones/Paginas/AnuarioEstadistico.aspx,energy_supply,2026-09-02
nemomod_entc_input_activity_ratio_fuel_production_me_coal_diesel,entc,0.007826087,0.0,2013,Oaxaca no extrae hidrocarburos: energia de extraccion anulada; el crudo es pass-through hacia la refineria (emisiones de extraccion pertenecen a los estados productores),PEMEX Anuario Estadistico (refineria Salina Cruz); SENER/CRE capacidad instalada de generacion en Oaxaca; PECC Oaxaca 2016-2022 Tabla 7,https://www.pemex.com/ri/Publicaciones/Paginas/AnuarioEstadistico.aspx,energy_supply,2026-09-02
nemomod_entc_input_activity_ratio_fuel_production_me_coal_electricity,entc,0.007365729,0.0,2013,Oaxaca no extrae hidrocarburos: energia de extraccion anulada; el crudo es pass-through hacia la refineria (emisiones de extraccion pertenecen a los estados productores),PEMEX Anuario Estadistico (refineria Salina Cruz); SENER/CRE capacidad instalada de generacion en Oaxaca; PECC Oaxaca 2016-2022 Tabla 7,https://www.pemex.com/ri/Publicaciones/Paginas/AnuarioEstadistico.aspx,energy_supply,2026-09-02
nemomod_entc_input_activity_ratio_fuel_production_me_coal_gasoline,entc,0.000460358,0.0,2013,Oaxaca no extrae hidrocarburos: energia de extraccion anulada; el crudo es pass-through hacia la refineria (emisiones de extraccion pertenecen a los estados productores),PEMEX Anuario Estadistico (refineria Salina Cruz); SENER/CRE capacidad instalada de generacion en Oaxaca; PECC Oaxaca 2016-2022 Tabla 7,https://www.pemex.com/ri/Publicaciones/Paginas/AnuarioEstadistico.aspx,energy_supply,2026-09-02
nemomod_entc_input_activity_ratio_fuel_production_me_coal_natural_gas,entc,0.005063939,0.0,2013,Oaxaca no extrae hidrocarburos: energia de extraccion anulada; el crudo es pass-through hacia la refineria (emisiones de extraccion pertenecen a los estados productores),PEMEX Anuario Estadistico (refineria Salina Cruz); SENER/CRE capacidad instalada de generacion en Oaxaca; PECC Oaxaca 2016-2022 Tabla 7,https://www.pemex.com/ri/Publicaciones/Paginas/AnuarioEstadistico.aspx,energy_supply,2026-09-02
nemomod_entc_input_activity_ratio_fuel_production_me_coal_oil,entc,0,0.0,2013,Oaxaca no extrae hidrocarburos: energia de extraccion anulada; el crudo es pass-through hacia la refineria (emisiones de extraccion pertenecen a los estados productores),PEMEX Anuario Estadistico (refineria Salina Cruz); SENER/CRE capacidad instalada de generacion en Oaxaca; PECC Oaxaca 2016-2022 Tabla 7,https://www.pemex.com/ri/Publicaciones/Paginas/AnuarioEstadistico.aspx,energy_supply,2026-09-02
nemomod_entc_input_activity_ratio_fuel_production_me_coal_coal_deposits,entc,1.00230179,0.0,2013,Oaxaca no extrae hidrocarburos: energia de extraccion anulada; el crudo es pass-through hacia la refineria (emisiones de extraccion pertenecen a los estados productores),PEMEX Anuario Estadistico (refineria Salina Cruz); SENER/CRE capacidad instalada de generacion en Oaxaca; PECC Oaxaca 2016-2022 Tabla 7,https://www.pemex.com/ri/Publicaciones/Paginas/AnuarioEstadistico.aspx,energy_supply,2026-09-02
nemomod_entc_input_activity_ratio_fuel_production_me_natural_gas_diesel,entc,0.040540541,0.0,2013,Oaxaca no extrae hidrocarburos: energia de extraccion anulada; el crudo es pass-through hacia la refineria (emisiones de extraccion pertenecen a los estados productores),PEMEX Anuario Estadistico (refineria Salina Cruz); SENER/CRE capacidad instalada de generacion en Oaxaca; PECC Oaxaca 2016-2022 Tabla 7,https://www.pemex.com/ri/Publicaciones/Paginas/AnuarioEstadistico.aspx,energy_supply,2026-09-02
nemomod_entc_input_activity_ratio_fuel_production_me_natural_gas_electricity,entc,0.00381558,0.0,2013,Oaxaca no extrae hidrocarburos: energia de extraccion anulada; el crudo es pass-through hacia la refineria (emisiones de extraccion pertenecen a los estados productores),PEMEX Anuario Estadistico (refineria Salina Cruz); SENER/CRE capacidad instalada de generacion en Oaxaca; PECC Oaxaca 2016-2022 Tabla 7,https://www.pemex.com/ri/Publicaciones/Paginas/AnuarioEstadistico.aspx,energy_supply,2026-09-02
nemomod_entc_input_activity_ratio_fuel_production_me_natural_gas_gasoline,entc,0.002384738,0.0,2013,Oaxaca no extrae hidrocarburos: energia de extraccion anulada; el crudo es pass-through hacia la refineria (emisiones de extraccion pertenecen a los estados productores),PEMEX Anuario Estadistico (refineria Salina Cruz); SENER/CRE capacidad instalada de generacion en Oaxaca; PECC Oaxaca 2016-2022 Tabla 7,https://www.pemex.com/ri/Publicaciones/Paginas/AnuarioEstadistico.aspx,energy_supply,2026-09-02
nemomod_entc_input_activity_ratio_fuel_production_me_natural_gas_natural_gas,entc,0,0.0,2013,Oaxaca no extrae hidrocarburos: energia de extraccion anulada; el crudo es pass-through hacia la refineria (emisiones de extraccion pertenecen a los estados productores),PEMEX Anuario Estadistico (refineria Salina Cruz); SENER/CRE capacidad instalada de generacion en Oaxaca; PECC Oaxaca 2016-2022 Tabla 7,https://www.pemex.com/ri/Publicaciones/Paginas/AnuarioEstadistico.aspx,energy_supply,2026-09-02
nemomod_entc_input_activity_ratio_fuel_production_me_natural_gas_oil,entc,0,0.0,2013,Oaxaca no extrae hidrocarburos: energia de extraccion anulada; el crudo es pass-through hacia la refineria (emisiones de extraccion pertenecen a los estados productores),PEMEX Anuario Estadistico (refineria Salina Cruz); SENER/CRE capacidad instalada de generacion en Oaxaca; PECC Oaxaca 2016-2022 Tabla 7,https://www.pemex.com/ri/Publicaciones/Paginas/AnuarioEstadistico.aspx,energy_supply,2026-09-02
ef_fgtv_production_fugitive_tonne_ch4_per_m3_fuel_coal,fgtv,0,0.0,2013,"Oaxaca no extrae hidrocarburos ni carbon: fugas, venteo y quema de produccion nulas (Tabla 7 solo reporta 1B2aiii.4 refinacion = 17 kt)",PEMEX Anuario Estadistico (refineria Salina Cruz); SENER/CRE capacidad instalada de generacion en Oaxaca; PECC Oaxaca 2016-2022 Tabla 7,https://www.pemex.com/ri/Publicaciones/Paginas/AnuarioEstadistico.aspx,energy_supply,2026-09-02
ef_fgtv_production_fugitive_tonne_co2_per_m3_fuel_coal,fgtv,0,0.0,2013,"Oaxaca no extrae hidrocarburos ni carbon: fugas, venteo y quema de produccion nulas (Tabla 7 solo reporta 1B2aiii.4 refinacion = 17 kt)",PEMEX Anuario Estadistico (refineria Salina Cruz); SENER/CRE capacidad instalada de generacion en Oaxaca; PECC Oaxaca 2016-2022 Tabla 7,https://www.pemex.com/ri/Publicaciones/Paginas/AnuarioEstadistico.aspx,energy_supply,2026-09-02
ef_fgtv_production_flaring_tonne_ch4_per_m3_fuel_coal,fgtv,0.000141053,0.0,2013,"Oaxaca no extrae hidrocarburos ni carbon: fugas, venteo y quema de produccion nulas (Tabla 7 solo reporta 1B2aiii.4 refinacion = 17 kt)",PEMEX Anuario Estadistico (refineria Salina Cruz); SENER/CRE capacidad instalada de generacion en Oaxaca; PECC Oaxaca 2016-2022 Tabla 7,https://www.pemex.com/ri/Publicaciones/Paginas/AnuarioEstadistico.aspx,energy_supply,2026-09-02
ef_fgtv_production_flaring_tonne_co2_per_m3_fuel_coal,fgtv,0.051415182,0.0,2013,"Oaxaca no extrae hidrocarburos ni carbon: fugas, venteo y quema de produccion nulas (Tabla 7 solo reporta 1B2aiii.4 refinacion = 17 kt)",PEMEX Anuario Estadistico (refineria Salina Cruz); SENER/CRE capacidad instalada de generacion en Oaxaca; PECC Oaxaca 2016-2022 Tabla 7,https://www.pemex.com/ri/Publicaciones/Paginas/AnuarioEstadistico.aspx,energy_supply,2026-09-02
ef_fgtv_production_venting_tonne_ch4_per_m3_fuel_coal,fgtv,0.015243271,0.0,2013,"Oaxaca no extrae hidrocarburos ni carbon: fugas, venteo y quema de produccion nulas (Tabla 7 solo reporta 1B2aiii.4 refinacion = 17 kt)",PEMEX Anuario Estadistico (refineria Salina Cruz); SENER/CRE capacidad instalada de generacion en Oaxaca; PECC Oaxaca 2016-2022 Tabla 7,https://www.pemex.com/ri/Publicaciones/Paginas/AnuarioEstadistico.aspx,energy_supply,2026-09-02
ef_fgtv_production_venting_tonne_co2_per_m3_fuel_coal,fgtv,0.005163309,0.0,2013,"Oaxaca no extrae hidrocarburos ni carbon: fugas, venteo y quema de produccion nulas (Tabla 7 solo reporta 1B2aiii.4 refinacion = 17 kt)",PEMEX Anuario Estadistico (refineria Salina Cruz); SENER/CRE capacidad instalada de generacion en Oaxaca; PECC Oaxaca 2016-2022 Tabla 7,https://www.pemex.com/ri/Publicaciones/Paginas/AnuarioEstadistico.aspx,energy_supply,2026-09-02
ef_fgtv_production_fugitive_tonne_ch4_per_m3_fuel_natural_gas,fgtv,3.25e-06,0.0,2013,"Oaxaca no extrae hidrocarburos ni carbon: fugas, venteo y quema de produccion nulas (Tabla 7 solo reporta 1B2aiii.4 refinacion = 17 kt)",PEMEX Anuario Estadistico (refineria Salina Cruz); SENER/CRE capacidad instalada de generacion en Oaxaca; PECC Oaxaca 2016-2022 Tabla 7,https://www.pemex.com/ri/Publicaciones/Paginas/AnuarioEstadistico.aspx,energy_supply,2026-09-02
ef_fgtv_production_fugitive_tonne_co2_per_m3_fuel_natural_gas,fgtv,6.17e-05,0.0,2013,"Oaxaca no extrae hidrocarburos ni carbon: fugas, venteo y quema de produccion nulas (Tabla 7 solo reporta 1B2aiii.4 refinacion = 17 kt)",PEMEX Anuario Estadistico (refineria Salina Cruz); SENER/CRE capacidad instalada de generacion en Oaxaca; PECC Oaxaca 2016-2022 Tabla 7,https://www.pemex.com/ri/Publicaciones/Paginas/AnuarioEstadistico.aspx,energy_supply,2026-09-02
ef_fgtv_production_fugitive_tonne_nmvoc_per_m3_fuel_natural_gas,fgtv,5.42e-07,0.0,2013,"Oaxaca no extrae hidrocarburos ni carbon: fugas, venteo y quema de produccion nulas (Tabla 7 solo reporta 1B2aiii.4 refinacion = 17 kt)",PEMEX Anuario Estadistico (refineria Salina Cruz); SENER/CRE capacidad instalada de generacion en Oaxaca; PECC Oaxaca 2016-2022 Tabla 7,https://www.pemex.com/ri/Publicaciones/Paginas/AnuarioEstadistico.aspx,energy_supply,2026-09-02
ef_fgtv_production_flaring_tonne_ch4_per_m3_fuel_natural_gas,fgtv,3.24e-09,0.0,2013,"Oaxaca no extrae hidrocarburos ni carbon: fugas, venteo y quema de produccion nulas (Tabla 7 solo reporta 1B2aiii.4 refinacion = 17 kt)",PEMEX Anuario Estadistico (refineria Salina Cruz); SENER/CRE capacidad instalada de generacion en Oaxaca; PECC Oaxaca 2016-2022 Tabla 7,https://www.pemex.com/ri/Publicaciones/Paginas/AnuarioEstadistico.aspx,energy_supply,2026-09-02
ef_fgtv_production_flaring_tonne_co2_per_m3_fuel_natural_gas,fgtv,4.89e-06,0.0,2013,"Oaxaca no extrae hidrocarburos ni carbon: fugas, venteo y quema de produccion nulas (Tabla 7 solo reporta 1B2aiii.4 refinacion = 17 kt)",PEMEX Anuario Estadistico (refineria Salina Cruz); SENER/CRE capacidad instalada de generacion en Oaxaca; PECC Oaxaca 2016-2022 Tabla 7,https://www.pemex.com/ri/Publicaciones/Paginas/AnuarioEstadistico.aspx,energy_supply,2026-09-02
ef_fgtv_production_flaring_tonne_n2o_per_m3_fuel_natural_gas,fgtv,6.32e-11,0.0,2013,"Oaxaca no extrae hidrocarburos ni carbon: fugas, venteo y quema de produccion nulas (Tabla 7 solo reporta 1B2aiii.4 refinacion = 17 kt)",PEMEX Anuario Estadistico (refineria Salina Cruz); SENER/CRE capacidad instalada de generacion en Oaxaca; PECC Oaxaca 2016-2022 Tabla 7,https://www.pemex.com/ri/Publicaciones/Paginas/AnuarioEstadistico.aspx,energy_supply,2026-09-02
ef_fgtv_production_flaring_tonne_nmvoc_per_m3_fuel_natural_gas,fgtv,2.6e-09,0.0,2013,"Oaxaca no extrae hidrocarburos ni carbon: fugas, venteo y quema de produccion nulas (Tabla 7 solo reporta 1B2aiii.4 refinacion = 17 kt)",PEMEX Anuario Estadistico (refineria Salina Cruz); SENER/CRE capacidad instalada de generacion en Oaxaca; PECC Oaxaca 2016-2022 Tabla 7,https://www.pemex.com/ri/Publicaciones/Paginas/AnuarioEstadistico.aspx,energy_supply,2026-09-02
ef_fgtv_production_fugitive_tonne_ch4_per_m3_fuel_oil,fgtv,0.009244195,0.0,2013,"Oaxaca no extrae hidrocarburos ni carbon: fugas, venteo y quema de produccion nulas (Tabla 7 solo reporta 1B2aiii.4 refinacion = 17 kt)",PEMEX Anuario Estadistico (refineria Salina Cruz); SENER/CRE capacidad instalada de generacion en Oaxaca; PECC Oaxaca 2016-2022 Tabla 7,https://www.pemex.com/ri/Publicaciones/Paginas/AnuarioEstadistico.aspx,energy_supply,2026-09-02
ef_fgtv_production_fugitive_tonne_co2_per_m3_fuel_oil,fgtv,0.01024907,0.0,2013,"Oaxaca no extrae hidrocarburos ni carbon: fugas, venteo y quema de produccion nulas (Tabla 7 solo reporta 1B2aiii.4 refinacion = 17 kt)",PEMEX Anuario Estadistico (refineria Salina Cruz); SENER/CRE capacidad instalada de generacion en Oaxaca; PECC Oaxaca 2016-2022 Tabla 7,https://www.pemex.com/ri/Publicaciones/Paginas/AnuarioEstadistico.aspx,energy_supply,2026-09-02
ef_fgtv_production_fugitive_tonne_n2o_per_m3_fuel_oil,fgtv,6.8e-08,0.0,2013,"Oaxaca no extrae hidrocarburos ni carbon: fugas, venteo y quema de produccion nulas (Tabla 7 solo reporta 1B2aiii.4 refinacion = 17 kt)",PEMEX Anuario Estadistico (refineria Salina Cruz); SENER/CRE capacidad instalada de generacion en Oaxaca; PECC Oaxaca 2016-2022 Tabla 7,https://www.pemex.com/ri/Publicaciones/Paginas/AnuarioEstadistico.aspx,energy_supply,2026-09-02
ef_fgtv_production_fugitive_tonne_nmvoc_per_m3_fuel_oil,fgtv,0.014026326,0.0,2013,"Oaxaca no extrae hidrocarburos ni carbon: fugas, venteo y quema de produccion nulas (Tabla 7 solo reporta 1B2aiii.4 refinacion = 17 kt)",PEMEX Anuario Estadistico (refineria Salina Cruz); SENER/CRE capacidad instalada de generacion en Oaxaca; PECC Oaxaca 2016-2022 Tabla 7,https://www.pemex.com/ri/Publicaciones/Paginas/AnuarioEstadistico.aspx,energy_supply,2026-09-02
ef_fgtv_production_flaring_tonne_ch4_per_m3_fuel_oil,fgtv,2.47e-05,0.0,2013,"Oaxaca no extrae hidrocarburos ni carbon: fugas, venteo y quema de produccion nulas (Tabla 7 solo reporta 1B2aiii.4 refinacion = 17 kt)",PEMEX Anuario Estadistico (refineria Salina Cruz); SENER/CRE capacidad instalada de generacion en Oaxaca; PECC Oaxaca 2016-2022 Tabla 7,https://www.pemex.com/ri/Publicaciones/Paginas/AnuarioEstadistico.aspx,energy_supply,2026-09-02
ef_fgtv_production_flaring_tonne_co2_per_m3_fuel_oil,fgtv,0.039974992,0.0,2013,"Oaxaca no extrae hidrocarburos ni carbon: fugas, venteo y quema de produccion nulas (Tabla 7 solo reporta 1B2aiii.4 refinacion = 17 kt)",PEMEX Anuario Estadistico (refineria Salina Cruz); SENER/CRE capacidad instalada de generacion en Oaxaca; PECC Oaxaca 2016-2022 Tabla 7,https://www.pemex.com/ri/Publicaciones/Paginas/AnuarioEstadistico.aspx,energy_supply,2026-09-02
ef_fgtv_production_flaring_tonne_n2o_per_m3_fuel_oil,fgtv,6.32e-07,0.0,2013,"Oaxaca no extrae hidrocarburos ni carbon: fugas, venteo y quema de produccion nulas (Tabla 7 solo reporta 1B2aiii.4 refinacion = 17 kt)",PEMEX Anuario Estadistico (refineria Salina Cruz); SENER/CRE capacidad instalada de generacion en Oaxaca; PECC Oaxaca 2016-2022 Tabla 7,https://www.pemex.com/ri/Publicaciones/Paginas/AnuarioEstadistico.aspx,energy_supply,2026-09-02
ef_fgtv_production_flaring_tonne_nmvoc_per_m3_fuel_oil,fgtv,0.006252999,0.0,2013,"Oaxaca no extrae hidrocarburos ni carbon: fugas, venteo y quema de produccion nulas (Tabla 7 solo reporta 1B2aiii.4 refinacion = 17 kt)",PEMEX Anuario Estadistico (refineria Salina Cruz); SENER/CRE capacidad instalada de generacion en Oaxaca; PECC Oaxaca 2016-2022 Tabla 7,https://www.pemex.com/ri/Publicaciones/Paginas/AnuarioEstadistico.aspx,energy_supply,2026-09-02
ef_fgtv_production_venting_tonne_ch4_per_m3_fuel_oil,fgtv,0.010217632,0.0,2013,"Oaxaca no extrae hidrocarburos ni carbon: fugas, venteo y quema de produccion nulas (Tabla 7 solo reporta 1B2aiii.4 refinacion = 17 kt)",PEMEX Anuario Estadistico (refineria Salina Cruz); SENER/CRE capacidad instalada de generacion en Oaxaca; PECC Oaxaca 2016-2022 Tabla 7,https://www.pemex.com/ri/Publicaciones/Paginas/AnuarioEstadistico.aspx,energy_supply,2026-09-02
ef_fgtv_production_venting_tonne_co2_per_m3_fuel_oil,fgtv,0.00212132,0.0,2013,"Oaxaca no extrae hidrocarburos ni carbon: fugas, venteo y quema de produccion nulas (Tabla 7 solo reporta 1B2aiii.4 refinacion = 17 kt)",PEMEX Anuario Estadistico (refineria Salina Cruz); SENER/CRE capacidad instalada de generacion en Oaxaca; PECC Oaxaca 2016-2022 Tabla 7,https://www.pemex.com/ri/Publicaciones/Paginas/AnuarioEstadistico.aspx,energy_supply,2026-09-02
ef_fgtv_production_venting_tonne_n2o_per_m3_fuel_oil,fgtv,0,0.0,2013,"Oaxaca no extrae hidrocarburos ni carbon: fugas, venteo y quema de produccion nulas (Tabla 7 solo reporta 1B2aiii.4 refinacion = 17 kt)",PEMEX Anuario Estadistico (refineria Salina Cruz); SENER/CRE capacidad instalada de generacion en Oaxaca; PECC Oaxaca 2016-2022 Tabla 7,https://www.pemex.com/ri/Publicaciones/Paginas/AnuarioEstadistico.aspx,energy_supply,2026-09-02
ef_fgtv_production_venting_tonne_nmvoc_per_m3_fuel_oil,fgtv,0.001876166,0.0,2013,"Oaxaca no extrae hidrocarburos ni carbon: fugas, venteo y quema de produccion nulas (Tabla 7 solo reporta 1B2aiii.4 refinacion = 17 kt)",PEMEX Anuario Estadistico (refineria Salina Cruz); SENER/CRE capacidad instalada de generacion en Oaxaca; PECC Oaxaca 2016-2022 Tabla 7,https://www.pemex.com/ri/Publicaciones/Paginas/AnuarioEstadistico.aspx,energy_supply,2026-09-02
ef_fgtv_distribution_tonne_ch4_per_m3_fuel_natural_gas,fgtv,1.66e-06,0.0,2013,red de distribucion de gas natural marginal en Oaxaca,PEMEX Anuario Estadistico (refineria Salina Cruz); SENER/CRE capacidad instalada de generacion en Oaxaca; PECC Oaxaca 2016-2022 Tabla 7,https://www.pemex.com/ri/Publicaciones/Paginas/AnuarioEstadistico.aspx,energy_supply,2026-09-02
ef_fgtv_transmission_tonne_ch4_per_m3_fuel_natural_gas,fgtv,6.46e-07,0.0,2013,sin transmision de gas natural en Oaxaca,PEMEX Anuario Estadistico (refineria Salina Cruz); SENER/CRE capacidad instalada de generacion en Oaxaca; PECC Oaxaca 2016-2022 Tabla 7,https://www.pemex.com/ri/Publicaciones/Paginas/AnuarioEstadistico.aspx,energy_supply,2026-09-02
ef_fgtv_transmission_tonne_ch4_per_m3_fuel_oil,fgtv,1.52e-05,0.0,2013,sin red de transmision de crudo en Oaxaca,PEMEX Anuario Estadistico (refineria Salina Cruz); SENER/CRE capacidad instalada de generacion en Oaxaca; PECC Oaxaca 2016-2022 Tabla 7,https://www.pemex.com/ri/Publicaciones/Paginas/AnuarioEstadistico.aspx,energy_supply,2026-09-02
ef_fgtv_distribution_tonne_co2_per_m3_fuel_natural_gas,fgtv,8.45e-08,0.0,2013,red de distribucion de gas natural marginal en Oaxaca,PEMEX Anuario Estadistico (refineria Salina Cruz); SENER/CRE capacidad instalada de generacion en Oaxaca; PECC Oaxaca 2016-2022 Tabla 7,https://www.pemex.com/ri/Publicaciones/Paginas/AnuarioEstadistico.aspx,energy_supply,2026-09-02
ef_fgtv_transmission_tonne_co2_per_m3_fuel_natural_gas,fgtv,6.25e-09,0.0,2013,sin transmision de gas natural en Oaxaca,PEMEX Anuario Estadistico (refineria Salina Cruz); SENER/CRE capacidad instalada de generacion en Oaxaca; PECC Oaxaca 2016-2022 Tabla 7,https://www.pemex.com/ri/Publicaciones/Paginas/AnuarioEstadistico.aspx,energy_supply,2026-09-02
ef_fgtv_transmission_tonne_co2_per_m3_fuel_oil,fgtv,1.4e-06,0.0,2013,sin red de transmision de crudo en Oaxaca,PEMEX Anuario Estadistico (refineria Salina Cruz); SENER/CRE capacidad instalada de generacion en Oaxaca; PECC Oaxaca 2016-2022 Tabla 7,https://www.pemex.com/ri/Publicaciones/Paginas/AnuarioEstadistico.aspx,energy_supply,2026-09-02
ef_fgtv_transmission_tonne_n2o_per_m3_fuel_oil,fgtv,0,0.0,2013,sin red de transmision de crudo en Oaxaca,PEMEX Anuario Estadistico (refineria Salina Cruz); SENER/CRE capacidad instalada de generacion en Oaxaca; PECC Oaxaca 2016-2022 Tabla 7,https://www.pemex.com/ri/Publicaciones/Paginas/AnuarioEstadistico.aspx,energy_supply,2026-09-02
ef_fgtv_distribution_tonne_nmvoc_per_m3_fuel_natural_gas,fgtv,2.4e-08,0.0,2013,red de distribucion de gas natural marginal en Oaxaca,PEMEX Anuario Estadistico (refineria Salina Cruz); SENER/CRE capacidad instalada de generacion en Oaxaca; PECC Oaxaca 2016-2022 Tabla 7,https://www.pemex.com/ri/Publicaciones/Paginas/AnuarioEstadistico.aspx,energy_supply,2026-09-02
ef_fgtv_transmission_tonne_nmvoc_per_m3_fuel_natural_gas,fgtv,1.82e-08,0.0,2013,sin transmision de gas natural en Oaxaca,PEMEX Anuario Estadistico (refineria Salina Cruz); SENER/CRE capacidad instalada de generacion en Oaxaca; PECC Oaxaca 2016-2022 Tabla 7,https://www.pemex.com/ri/Publicaciones/Paginas/AnuarioEstadistico.aspx,energy_supply,2026-09-02
ef_fgtv_transmission_tonne_nmvoc_per_m3_fuel_oil,fgtv,0.000152,0.0,2013,sin red de transmision de crudo en Oaxaca,PEMEX Anuario Estadistico (refineria Salina Cruz); SENER/CRE capacidad instalada de generacion en Oaxaca; PECC Oaxaca 2016-2022 Tabla 7,https://www.pemex.com/ri/Publicaciones/Paginas/AnuarioEstadistico.aspx,energy_supply,2026-09-02
ef_fgtv_production_flaring_tonne_ch4_per_m3_fuel_crude,fgtv,(ausente en la base nacional),4.51490240093203e-08,2013,"factor por defecto x0.001830: el crudo es pass-through importado, no extraccion oaxaquena; calibrado a Tabla 7 1B2aiii.4 = 17 kt",PEMEX Anuario Estadistico (refineria Salina Cruz); SENER/CRE capacidad instalada de generacion en Oaxaca; PECC Oaxaca 2016-2022 Tabla 7,https://www.pemex.com/ri/Publicaciones/Paginas/AnuarioEstadistico.aspx,energy_supply,2026-09-02
ef_fgtv_production_flaring_tonne_co2_per_m3_fuel_crude,fgtv,(ausente en la base nacional),7.313547859496623e-05,2013,"factor por defecto x0.001830: el crudo es pass-through importado, no extraccion oaxaquena; calibrado a Tabla 7 1B2aiii.4 = 17 kt",PEMEX Anuario Estadistico (refineria Salina Cruz); SENER/CRE capacidad instalada de generacion en Oaxaca; PECC Oaxaca 2016-2022 Tabla 7,https://www.pemex.com/ri/Publicaciones/Paginas/AnuarioEstadistico.aspx,energy_supply,2026-09-02
ef_fgtv_production_flaring_tonne_n2o_per_m3_fuel_crude,fgtv,(ausente en la base nacional),1.1565181691680794e-09,2013,"factor por defecto x0.001830: el crudo es pass-through importado, no extraccion oaxaquena; calibrado a Tabla 7 1B2aiii.4 = 17 kt",PEMEX Anuario Estadistico (refineria Salina Cruz); SENER/CRE capacidad instalada de generacion en Oaxaca; PECC Oaxaca 2016-2022 Tabla 7,https://www.pemex.com/ri/Publicaciones/Paginas/AnuarioEstadistico.aspx,energy_supply,2026-09-02
ef_fgtv_production_flaring_tonne_nmvoc_per_m3_fuel_crude,fgtv,(ausente en la base nacional),1.1440054645487527e-05,2013,"factor por defecto x0.001830: el crudo es pass-through importado, no extraccion oaxaquena; calibrado a Tabla 7 1B2aiii.4 = 17 kt",PEMEX Anuario Estadistico (refineria Salina Cruz); SENER/CRE capacidad instalada de generacion en Oaxaca; PECC Oaxaca 2016-2022 Tabla 7,https://www.pemex.com/ri/Publicaciones/Paginas/AnuarioEstadistico.aspx,energy_supply,2026-09-02
ef_fgtv_production_fugitive_tonne_ch4_per_m3_fuel_crude,fgtv,(ausente en la base nacional),1.691253901565888e-05,2013,"factor por defecto x0.001830: el crudo es pass-through importado, no extraccion oaxaquena; calibrado a Tabla 7 1B2aiii.4 = 17 kt",PEMEX Anuario Estadistico (refineria Salina Cruz); SENER/CRE capacidad instalada de generacion en Oaxaca; PECC Oaxaca 2016-2022 Tabla 7,https://www.pemex.com/ri/Publicaciones/Paginas/AnuarioEstadistico.aspx,energy_supply,2026-09-02
ef_fgtv_production_fugitive_tonne_co2_per_m3_fuel_crude,fgtv,(ausente en la base nacional),1.875098981312853e-05,2013,"factor por defecto x0.001830: el crudo es pass-through importado, no extraccion oaxaquena; calibrado a Tabla 7 1B2aiii.4 = 17 kt",PEMEX Anuario Estadistico (refineria Salina Cruz); SENER/CRE capacidad instalada de generacion en Oaxaca; PECC Oaxaca 2016-2022 Tabla 7,https://www.pemex.com/ri/Publicaciones/Paginas/AnuarioEstadistico.aspx,energy_supply,2026-09-02
ef_fgtv_production_fugitive_tonne_n2o_per_m3_fuel_crude,fgtv,(ausente en la base nacional),1.2440809298321138e-10,2013,"factor por defecto x0.001830: el crudo es pass-through importado, no extraccion oaxaquena; calibrado a Tabla 7 1B2aiii.4 = 17 kt",PEMEX Anuario Estadistico (refineria Salina Cruz); SENER/CRE capacidad instalada de generacion en Oaxaca; PECC Oaxaca 2016-2022 Tabla 7,https://www.pemex.com/ri/Publicaciones/Paginas/AnuarioEstadistico.aspx,energy_supply,2026-09-02
ef_fgtv_production_fugitive_tonne_nmvoc_per_m3_fuel_crude,fgtv,(ausente en la base nacional),2.566159549873146e-05,2013,"factor por defecto x0.001830: el crudo es pass-through importado, no extraccion oaxaquena; calibrado a Tabla 7 1B2aiii.4 = 17 kt",PEMEX Anuario Estadistico (refineria Salina Cruz); SENER/CRE capacidad instalada de generacion en Oaxaca; PECC Oaxaca 2016-2022 Tabla 7,https://www.pemex.com/ri/Publicaciones/Paginas/AnuarioEstadistico.aspx,energy_supply,2026-09-02
ef_fgtv_production_venting_tonne_ch4_per_m3_fuel_crude,fgtv,(ausente en la base nacional),1.8693471904051723e-05,2013,"factor por defecto x0.001830: el crudo es pass-through importado, no extraccion oaxaquena; calibrado a Tabla 7 1B2aiii.4 = 17 kt",PEMEX Anuario Estadistico (refineria Salina Cruz); SENER/CRE capacidad instalada de generacion en Oaxaca; PECC Oaxaca 2016-2022 Tabla 7,https://www.pemex.com/ri/Publicaciones/Paginas/AnuarioEstadistico.aspx,energy_supply,2026-09-02
ef_fgtv_production_venting_tonne_co2_per_m3_fuel_crude,fgtv,(ausente en la base nacional),3.881020861010891e-06,2013,"factor por defecto x0.001830: el crudo es pass-through importado, no extraccion oaxaquena; calibrado a Tabla 7 1B2aiii.4 = 17 kt",PEMEX Anuario Estadistico (refineria Salina Cruz); SENER/CRE capacidad instalada de generacion en Oaxaca; PECC Oaxaca 2016-2022 Tabla 7,https://www.pemex.com/ri/Publicaciones/Paginas/AnuarioEstadistico.aspx,energy_supply,2026-09-02
ef_fgtv_production_venting_tonne_n2o_per_m3_fuel_crude,fgtv,(ausente en la base nacional),0.0,2013,"factor por defecto x0.001830: el crudo es pass-through importado, no extraccion oaxaquena; calibrado a Tabla 7 1B2aiii.4 = 17 kt",PEMEX Anuario Estadistico (refineria Salina Cruz); SENER/CRE capacidad instalada de generacion en Oaxaca; PECC Oaxaca 2016-2022 Tabla 7,https://www.pemex.com/ri/Publicaciones/Paginas/AnuarioEstadistico.aspx,energy_supply,2026-09-02
ef_fgtv_production_venting_tonne_nmvoc_per_m3_fuel_crude,fgtv,(ausente en la base nacional),3.432503999870652e-06,2013,"factor por defecto x0.001830: el crudo es pass-through importado, no extraccion oaxaquena; calibrado a Tabla 7 1B2aiii.4 = 17 kt",PEMEX Anuario Estadistico (refineria Salina Cruz); SENER/CRE capacidad instalada de generacion en Oaxaca; PECC Oaxaca 2016-2022 Tabla 7,https://www.pemex.com/ri/Publicaciones/Paginas/AnuarioEstadistico.aspx,energy_supply,2026-09-02
ef_fgtv_transmission_tonne_ch4_per_m3_fuel_crude,fgtv,(ausente en la base nacional),2.780886784330607e-08,2013,"factor por defecto x0.001830: el crudo es pass-through importado, no extraccion oaxaquena; calibrado a Tabla 7 1B2aiii.4 = 17 kt",PEMEX Anuario Estadistico (refineria Salina Cruz); SENER/CRE capacidad instalada de generacion en Oaxaca; PECC Oaxaca 2016-2022 Tabla 7,https://www.pemex.com/ri/Publicaciones/Paginas/AnuarioEstadistico.aspx,energy_supply,2026-09-02
ef_fgtv_transmission_tonne_co2_per_m3_fuel_crude,fgtv,(ausente en la base nacional),2.552195436934998e-09,2013,"factor por defecto x0.001830: el crudo es pass-through importado, no extraccion oaxaquena; calibrado a Tabla 7 1B2aiii.4 = 17 kt",PEMEX Anuario Estadistico (refineria Salina Cruz); SENER/CRE capacidad instalada de generacion en Oaxaca; PECC Oaxaca 2016-2022 Tabla 7,https://www.pemex.com/ri/Publicaciones/Paginas/AnuarioEstadistico.aspx,energy_supply,2026-09-02
ef_fgtv_transmission_tonne_n2o_per_m3_fuel_crude,fgtv,(ausente en la base nacional),0.0,2013,"factor por defecto x0.001830: el crudo es pass-through importado, no extraccion oaxaquena; calibrado a Tabla 7 1B2aiii.4 = 17 kt",PEMEX Anuario Estadistico (refineria Salina Cruz); SENER/CRE capacidad instalada de generacion en Oaxaca; PECC Oaxaca 2016-2022 Tabla 7,https://www.pemex.com/ri/Publicaciones/Paginas/AnuarioEstadistico.aspx,energy_supply,2026-09-02
ef_fgtv_transmission_tonne_nmvoc_per_m3_fuel_crude,fgtv,(ausente en la base nacional),2.7808867843306073e-07,2013,"factor por defecto x0.001830: el crudo es pass-through importado, no extraccion oaxaquena; calibrado a Tabla 7 1B2aiii.4 = 17 kt",PEMEX Anuario Estadistico (refineria Salina Cruz); SENER/CRE capacidad instalada de generacion en Oaxaca; PECC Oaxaca 2016-2022 Tabla 7,https://www.pemex.com/ri/Publicaciones/Paginas/AnuarioEstadistico.aspx,energy_supply,2026-09-02
nemomod_entc_residual_capacity_pp_wind_gw,entc,2.191651304,1.3,2013,capacidad instalada en Oaxaca (eolica Istmo + hidro Temascal),PEMEX Anuario Estadistico (refineria Salina Cruz); SENER/CRE capacidad instalada de generacion en Oaxaca; PECC Oaxaca 2016-2022 Tabla 7,https://www.pemex.com/ri/Publicaciones/Paginas/AnuarioEstadistico.aspx,energy_supply,2026-09-02
nemomod_entc_residual_capacity_pp_hydropower_gw,entc,18.56027045,0.39,2013,capacidad instalada en Oaxaca (eolica Istmo + hidro Temascal),PEMEX Anuario Estadistico (refineria Salina Cruz); SENER/CRE capacidad instalada de generacion en Oaxaca; PECC Oaxaca 2016-2022 Tabla 7,https://www.pemex.com/ri/Publicaciones/Paginas/AnuarioEstadistico.aspx,energy_supply,2026-09-02
nemomod_entc_residual_capacity_pp_solar_gw,entc,1.389860578,0.01,2013,capacidad instalada en Oaxaca (eolica Istmo + hidro Temascal),PEMEX Anuario Estadistico (refineria Salina Cruz); SENER/CRE capacidad instalada de generacion en Oaxaca; PECC Oaxaca 2016-2022 Tabla 7,https://www.pemex.com/ri/Publicaciones/Paginas/AnuarioEstadistico.aspx,energy_supply,2026-09-02
nemomod_entc_residual_capacity_pp_biogas_gw,entc,0,0.0,2013,capacidad instalada en Oaxaca (eolica Istmo + hidro Temascal),PEMEX Anuario Estadistico (refineria Salina Cruz); SENER/CRE capacidad instalada de generacion en Oaxaca; PECC Oaxaca 2016-2022 Tabla 7,https://www.pemex.com/ri/Publicaciones/Paginas/AnuarioEstadistico.aspx,energy_supply,2026-09-02
nemomod_entc_residual_capacity_pp_biomass_gw,entc,0.782893301,0.0,2013,capacidad instalada en Oaxaca (eolica Istmo + hidro Temascal),PEMEX Anuario Estadistico (refineria Salina Cruz); SENER/CRE capacidad instalada de generacion en Oaxaca; PECC Oaxaca 2016-2022 Tabla 7,https://www.pemex.com/ri/Publicaciones/Paginas/AnuarioEstadistico.aspx,energy_supply,2026-09-02
nemomod_entc_residual_capacity_pp_coal_gw,entc,8.066500631,0.0,2013,capacidad instalada en Oaxaca (eolica Istmo + hidro Temascal),PEMEX Anuario Estadistico (refineria Salina Cruz); SENER/CRE capacidad instalada de generacion en Oaxaca; PECC Oaxaca 2016-2022 Tabla 7,https://www.pemex.com/ri/Publicaciones/Paginas/AnuarioEstadistico.aspx,energy_supply,2026-09-02
nemomod_entc_residual_capacity_pp_coal_ccs_gw,entc,0,0.0,2013,capacidad instalada en Oaxaca (eolica Istmo + hidro Temascal),PEMEX Anuario Estadistico (refineria Salina Cruz); SENER/CRE capacidad instalada de generacion en Oaxaca; PECC Oaxaca 2016-2022 Tabla 7,https://www.pemex.com/ri/Publicaciones/Paginas/AnuarioEstadistico.aspx,energy_supply,2026-09-02
nemomod_entc_residual_capacity_pp_gas_gw,entc,17.58510336,0.0,2013,capacidad instalada en Oaxaca (eolica Istmo + hidro Temascal),PEMEX Anuario Estadistico (refineria Salina Cruz); SENER/CRE capacidad instalada de generacion en Oaxaca; PECC Oaxaca 2016-2022 Tabla 7,https://www.pemex.com/ri/Publicaciones/Paginas/AnuarioEstadistico.aspx,energy_supply,2026-09-02
nemomod_entc_residual_capacity_pp_gas_ccs_gw,entc,0,0.0,2013,capacidad instalada en Oaxaca (eolica Istmo + hidro Temascal),PEMEX Anuario Estadistico (refineria Salina Cruz); SENER/CRE capacidad instalada de generacion en Oaxaca; PECC Oaxaca 2016-2022 Tabla 7,https://www.pemex.com/ri/Publicaciones/Paginas/AnuarioEstadistico.aspx,energy_supply,2026-09-02
nemomod_entc_residual_capacity_pp_geothermal_gw,entc,1.3552153,0.0,2013,capacidad instalada en Oaxaca (eolica Istmo + hidro Temascal),PEMEX Anuario Estadistico (refineria Salina Cruz); SENER/CRE capacidad instalada de generacion en Oaxaca; PECC Oaxaca 2016-2022 Tabla 7,https://www.pemex.com/ri/Publicaciones/Paginas/AnuarioEstadistico.aspx,energy_supply,2026-09-02
nemomod_entc_residual_capacity_pp_nuclear_gw,entc,2.264691349,0.0,2013,capacidad instalada en Oaxaca (eolica Istmo + hidro Temascal),PEMEX Anuario Estadistico (refineria Salina Cruz); SENER/CRE capacidad instalada de generacion en Oaxaca; PECC Oaxaca 2016-2022 Tabla 7,https://www.pemex.com/ri/Publicaciones/Paginas/AnuarioEstadistico.aspx,energy_supply,2026-09-02
nemomod_entc_residual_capacity_pp_ocean_gw,entc,0,0.0,2013,capacidad instalada en Oaxaca (eolica Istmo + hidro Temascal),PEMEX Anuario Estadistico (refineria Salina Cruz); SENER/CRE capacidad instalada de generacion en Oaxaca; PECC Oaxaca 2016-2022 Tabla 7,https://www.pemex.com/ri/Publicaciones/Paginas/AnuarioEstadistico.aspx,energy_supply,2026-09-02
nemomod_entc_residual_capacity_pp_oil_gw,entc,15.30781373,0.0,2013,capacidad instalada en Oaxaca (eolica Istmo + hidro Temascal),PEMEX Anuario Estadistico (refineria Salina Cruz); SENER/CRE capacidad instalada de generacion en Oaxaca; PECC Oaxaca 2016-2022 Tabla 7,https://www.pemex.com/ri/Publicaciones/Paginas/AnuarioEstadistico.aspx,energy_supply,2026-09-02
nemomod_entc_residual_capacity_pp_waste_incineration_gw,entc,0,0.0,2013,capacidad instalada en Oaxaca (eolica Istmo + hidro Temascal),PEMEX Anuario Estadistico (refineria Salina Cruz); SENER/CRE capacidad instalada de generacion en Oaxaca; PECC Oaxaca 2016-2022 Tabla 7,https://www.pemex.com/ri/Publicaciones/Paginas/AnuarioEstadistico.aspx,energy_supply,2026-09-02
nemomod_entc_frac_min_share_production_pp_wind,entc,0.028147752,0.72,2013,"mezcla de generacion estatal: renovable, sin termoelectricas (Tabla 7 no reporta renglon 1A1a)",PEMEX Anuario Estadistico (refineria Salina Cruz); SENER/CRE capacidad instalada de generacion en Oaxaca; PECC Oaxaca 2016-2022 Tabla 7,https://www.pemex.com/ri/Publicaciones/Paginas/AnuarioEstadistico.aspx,energy_supply,2026-09-02
nemomod_entc_frac_min_share_production_pp_hydropower,entc,0.0991818,0.26,2013,"mezcla de generacion estatal: renovable, sin termoelectricas (Tabla 7 no reporta renglon 1A1a)",PEMEX Anuario Estadistico (refineria Salina Cruz); SENER/CRE capacidad instalada de generacion en Oaxaca; PECC Oaxaca 2016-2022 Tabla 7,https://www.pemex.com/ri/Publicaciones/Paginas/AnuarioEstadistico.aspx,energy_supply,2026-09-02
nemomod_entc_frac_min_share_production_pp_solar,entc,0.000769275,0.02,2013,"mezcla de generacion estatal: renovable, sin termoelectricas (Tabla 7 no reporta renglon 1A1a)",PEMEX Anuario Estadistico (refineria Salina Cruz); SENER/CRE capacidad instalada de generacion en Oaxaca; PECC Oaxaca 2016-2022 Tabla 7,https://www.pemex.com/ri/Publicaciones/Paginas/AnuarioEstadistico.aspx,energy_supply,2026-09-02
nemomod_entc_frac_min_share_production_pp_biogas,entc,0,0.0,2013,"mezcla de generacion estatal: renovable, sin termoelectricas (Tabla 7 no reporta renglon 1A1a)",PEMEX Anuario Estadistico (refineria Salina Cruz); SENER/CRE capacidad instalada de generacion en Oaxaca; PECC Oaxaca 2016-2022 Tabla 7,https://www.pemex.com/ri/Publicaciones/Paginas/AnuarioEstadistico.aspx,energy_supply,2026-09-02
nemomod_entc_frac_min_share_production_pp_biomass,entc,0,0.0,2013,"mezcla de generacion estatal: renovable, sin termoelectricas (Tabla 7 no reporta renglon 1A1a)",PEMEX Anuario Estadistico (refineria Salina Cruz); SENER/CRE capacidad instalada de generacion en Oaxaca; PECC Oaxaca 2016-2022 Tabla 7,https://www.pemex.com/ri/Publicaciones/Paginas/AnuarioEstadistico.aspx,energy_supply,2026-09-02
nemomod_entc_frac_min_share_production_pp_coal,entc,0.108818663,0.0,2013,"mezcla de generacion estatal: renovable, sin termoelectricas (Tabla 7 no reporta renglon 1A1a)",PEMEX Anuario Estadistico (refineria Salina Cruz); SENER/CRE capacidad instalada de generacion en Oaxaca; PECC Oaxaca 2016-2022 Tabla 7,https://www.pemex.com/ri/Publicaciones/Paginas/AnuarioEstadistico.aspx,energy_supply,2026-09-02
nemomod_entc_frac_min_share_production_pp_coal_ccs,entc,0,0.0,2013,"mezcla de generacion estatal: renovable, sin termoelectricas (Tabla 7 no reporta renglon 1A1a)",PEMEX Anuario Estadistico (refineria Salina Cruz); SENER/CRE capacidad instalada de generacion en Oaxaca; PECC Oaxaca 2016-2022 Tabla 7,https://www.pemex.com/ri/Publicaciones/Paginas/AnuarioEstadistico.aspx,energy_supply,2026-09-02
nemomod_entc_frac_min_share_production_pp_gas,entc,0.599490798,0.0,2013,"mezcla de generacion estatal: renovable, sin termoelectricas (Tabla 7 no reporta renglon 1A1a)",PEMEX Anuario Estadistico (refineria Salina Cruz); SENER/CRE capacidad instalada de generacion en Oaxaca; PECC Oaxaca 2016-2022 Tabla 7,https://www.pemex.com/ri/Publicaciones/Paginas/AnuarioEstadistico.aspx,energy_supply,2026-09-02
nemomod_entc_frac_min_share_production_pp_gas_ccs,entc,0,0.0,2013,"mezcla de generacion estatal: renovable, sin termoelectricas (Tabla 7 no reporta renglon 1A1a)",PEMEX Anuario Estadistico (refineria Salina Cruz); SENER/CRE capacidad instalada de generacion en Oaxaca; PECC Oaxaca 2016-2022 Tabla 7,https://www.pemex.com/ri/Publicaciones/Paginas/AnuarioEstadistico.aspx,energy_supply,2026-09-02
nemomod_entc_frac_min_share_production_pp_geothermal,entc,0.020374531,0.0,2013,"mezcla de generacion estatal: renovable, sin termoelectricas (Tabla 7 no reporta renglon 1A1a)",PEMEX Anuario Estadistico (refineria Salina Cruz); SENER/CRE capacidad instalada de generacion en Oaxaca; PECC Oaxaca 2016-2022 Tabla 7,https://www.pemex.com/ri/Publicaciones/Paginas/AnuarioEstadistico.aspx,energy_supply,2026-09-02
nemomod_entc_frac_min_share_production_pp_nuclear,entc,0.037263182,0.0,2013,"mezcla de generacion estatal: renovable, sin termoelectricas (Tabla 7 no reporta renglon 1A1a)",PEMEX Anuario Estadistico (refineria Salina Cruz); SENER/CRE capacidad instalada de generacion en Oaxaca; PECC Oaxaca 2016-2022 Tabla 7,https://www.pemex.com/ri/Publicaciones/Paginas/AnuarioEstadistico.aspx,energy_supply,2026-09-02
nemomod_entc_frac_min_share_production_pp_ocean,entc,0,0.0,2013,"mezcla de generacion estatal: renovable, sin termoelectricas (Tabla 7 no reporta renglon 1A1a)",PEMEX Anuario Estadistico (refineria Salina Cruz); SENER/CRE capacidad instalada de generacion en Oaxaca; PECC Oaxaca 2016-2022 Tabla 7,https://www.pemex.com/ri/Publicaciones/Paginas/AnuarioEstadistico.aspx,energy_supply,2026-09-02
nemomod_entc_frac_min_share_production_pp_oil,entc,0.101637687,0.0,2013,"mezcla de generacion estatal: renovable, sin termoelectricas (Tabla 7 no reporta renglon 1A1a)",PEMEX Anuario Estadistico (refineria Salina Cruz); SENER/CRE capacidad instalada de generacion en Oaxaca; PECC Oaxaca 2016-2022 Tabla 7,https://www.pemex.com/ri/Publicaciones/Paginas/AnuarioEstadistico.aspx,energy_supply,2026-09-02
nemomod_entc_frac_min_share_production_pp_waste_incineration,entc,0,0.0,2013,"mezcla de generacion estatal: renovable, sin termoelectricas (Tabla 7 no reporta renglon 1A1a)",PEMEX Anuario Estadistico (refineria Salina Cruz); SENER/CRE capacidad instalada de generacion en Oaxaca; PECC Oaxaca 2016-2022 Tabla 7,https://www.pemex.com/ri/Publicaciones/Paginas/AnuarioEstadistico.aspx,energy_supply,2026-09-02
demscalar_trde_private_and_public,trde,1,0.081,2013,escalar de demanda calibrado contra Tabla 7 1A3 (baja motorizacion estatal),INEGI Vehiculos de motor registrados en circulacion (Oaxaca); PECC Oaxaca 2016-2022 Tabla 7 (1A3); PECC Grafica 6 consumo de gasolinas,https://www.inegi.org.mx/programas/vehiculosmotor/,transport,2026-09-02
demscalar_trde_freight,trde,1,0.081,2013,escalar de demanda calibrado contra Tabla 7 1A3 (baja motorizacion estatal),INEGI Vehiculos de motor registrados en circulacion (Oaxaca); PECC Oaxaca 2016-2022 Tabla 7 (1A3); PECC Grafica 6 consumo de gasolinas,https://www.inegi.org.mx/programas/vehiculosmotor/,transport,2026-09-02
demscalar_trde_regional,trde,1,0.081,2013,escalar de demanda calibrado contra Tabla 7 1A3 (baja motorizacion estatal),INEGI Vehiculos de motor registrados en circulacion (Oaxaca); PECC Oaxaca 2016-2022 Tabla 7 (1A3); PECC Grafica 6 consumo de gasolinas,https://www.inegi.org.mx/programas/vehiculosmotor/,transport,2026-09-02
prodinit_ippu_cement_tonne,ippu,46350000.0,1920000,2013,produccion industrial estatal (direct replace),"INEGI Censos Economicos / Anuario estadistico de la mineria; PECC Oaxaca 2016-2022 Tabla 7 (2A1 cemento, 2F1 HFC)",https://www.inegi.org.mx/programas/ce/2019/,ippu,2026-09-02
prodinit_ippu_chemicals_tonne,ippu,4701023.695,0,2013,produccion industrial estatal (direct replace),"INEGI Censos Economicos / Anuario estadistico de la mineria; PECC Oaxaca 2016-2022 Tabla 7 (2A1 cemento, 2F1 HFC)",https://www.inegi.org.mx/programas/ce/2019/,ippu,2026-09-02
prodinit_ippu_electronics_tonne,ippu,13405879.25,0,2013,produccion industrial estatal (direct replace),"INEGI Censos Economicos / Anuario estadistico de la mineria; PECC Oaxaca 2016-2022 Tabla 7 (2A1 cemento, 2F1 HFC)",https://www.inegi.org.mx/programas/ce/2019/,ippu,2026-09-02
prodinit_ippu_glass_tonne,ippu,545738.7383,0,2013,produccion industrial estatal (direct replace),"INEGI Censos Economicos / Anuario estadistico de la mineria; PECC Oaxaca 2016-2022 Tabla 7 (2A1 cemento, 2F1 HFC)",https://www.inegi.org.mx/programas/ce/2019/,ippu,2026-09-02
prodinit_ippu_lime_and_carbonite_tonne,ippu,18508.0363,0,2013,produccion industrial estatal (direct replace),"INEGI Censos Economicos / Anuario estadistico de la mineria; PECC Oaxaca 2016-2022 Tabla 7 (2A1 cemento, 2F1 HFC)",https://www.inegi.org.mx/programas/ce/2019/,ippu,2026-09-02
prodinit_ippu_metals_tonne,ippu,26996774.82,0,2013,produccion industrial estatal (direct replace),"INEGI Censos Economicos / Anuario estadistico de la mineria; PECC Oaxaca 2016-2022 Tabla 7 (2A1 cemento, 2F1 HFC)",https://www.inegi.org.mx/programas/ce/2019/,ippu,2026-09-02
prodinit_ippu_mining_tonne,ippu,206236223.8,500000,2013,produccion industrial estatal (direct replace),"INEGI Censos Economicos / Anuario estadistico de la mineria; PECC Oaxaca 2016-2022 Tabla 7 (2A1 cemento, 2F1 HFC)",https://www.inegi.org.mx/programas/ce/2019/,ippu,2026-09-02
prodinit_ippu_paper_tonne,ippu,6812708.686,50000,2013,produccion industrial estatal (direct replace),"INEGI Censos Economicos / Anuario estadistico de la mineria; PECC Oaxaca 2016-2022 Tabla 7 (2A1 cemento, 2F1 HFC)",https://www.inegi.org.mx/programas/ce/2019/,ippu,2026-09-02
prodinit_ippu_plastic_tonne,ippu,6760267.21,0,2013,produccion industrial estatal (direct replace),"INEGI Censos Economicos / Anuario estadistico de la mineria; PECC Oaxaca 2016-2022 Tabla 7 (2A1 cemento, 2F1 HFC)",https://www.inegi.org.mx/programas/ce/2019/,ippu,2026-09-02
prodinit_ippu_rubber_and_leather_tonne,ippu,265549.0736,0,2013,produccion industrial estatal (direct replace),"INEGI Censos Economicos / Anuario estadistico de la mineria; PECC Oaxaca 2016-2022 Tabla 7 (2A1 cemento, 2F1 HFC)",https://www.inegi.org.mx/programas/ce/2019/,ippu,2026-09-02
prodinit_ippu_textiles_tonne,ippu,1189313.713,10000,2013,produccion industrial estatal (direct replace),"INEGI Censos Economicos / Anuario estadistico de la mineria; PECC Oaxaca 2016-2022 Tabla 7 (2A1 cemento, 2F1 HFC)",https://www.inegi.org.mx/programas/ce/2019/,ippu,2026-09-02
prodinit_ippu_wood_tonne,ippu,18333230,300000,2013,produccion industrial estatal (direct replace),"INEGI Censos Economicos / Anuario estadistico de la mineria; PECC Oaxaca 2016-2022 Tabla 7 (2A1 cemento, 2F1 HFC)",https://www.inegi.org.mx/programas/ce/2019/,ippu,2026-09-02
prodinit_ippu_recycled_glass_tonne,ippu,0,0,2013,produccion industrial estatal (direct replace),"INEGI Censos Economicos / Anuario estadistico de la mineria; PECC Oaxaca 2016-2022 Tabla 7 (2A1 cemento, 2F1 HFC)",https://www.inegi.org.mx/programas/ce/2019/,ippu,2026-09-02
prodinit_ippu_recycled_metals_tonne,ippu,0,0,2013,produccion industrial estatal (direct replace),"INEGI Censos Economicos / Anuario estadistico de la mineria; PECC Oaxaca 2016-2022 Tabla 7 (2A1 cemento, 2F1 HFC)",https://www.inegi.org.mx/programas/ce/2019/,ippu,2026-09-02
prodinit_ippu_recycled_paper_tonne,ippu,0,0,2013,produccion industrial estatal (direct replace),"INEGI Censos Economicos / Anuario estadistico de la mineria; PECC Oaxaca 2016-2022 Tabla 7 (2A1 cemento, 2F1 HFC)",https://www.inegi.org.mx/programas/ce/2019/,ippu,2026-09-02
prodinit_ippu_recycled_plastic_tonne,ippu,0,0,2013,produccion industrial estatal (direct replace),"INEGI Censos Economicos / Anuario estadistico de la mineria; PECC Oaxaca 2016-2022 Tabla 7 (2A1 cemento, 2F1 HFC)",https://www.inegi.org.mx/programas/ce/2019/,ippu,2026-09-02
prodinit_ippu_recycled_rubber_and_leather_tonne,ippu,0,0,2013,produccion industrial estatal (direct replace),"INEGI Censos Economicos / Anuario estadistico de la mineria; PECC Oaxaca 2016-2022 Tabla 7 (2A1 cemento, 2F1 HFC)",https://www.inegi.org.mx/programas/ce/2019/,ippu,2026-09-02
prodinit_ippu_recycled_textiles_tonne,ippu,0,0,2013,produccion industrial estatal (direct replace),"INEGI Censos Economicos / Anuario estadistico de la mineria; PECC Oaxaca 2016-2022 Tabla 7 (2A1 cemento, 2F1 HFC)",https://www.inegi.org.mx/programas/ce/2019/,ippu,2026-09-02
demscalar_ippu_product_use_ods_refrigeration,ippu,1,0.096,2013,uso de productos calibrado contra Tabla 7 2F1 (9.600%),"INEGI Censos Economicos / Anuario estadistico de la mineria; PECC Oaxaca 2016-2022 Tabla 7 (2A1 cemento, 2F1 HFC)",https://www.inegi.org.mx/programas/ce/2019/,ippu,2026-09-02
demscalar_ippu_product_use_ods_other,ippu,1,0.096,2013,uso de productos calibrado contra Tabla 7 2F1 (9.600%),"INEGI Censos Economicos / Anuario estadistico de la mineria; PECC Oaxaca 2016-2022 Tabla 7 (2A1 cemento, 2F1 HFC)",https://www.inegi.org.mx/programas/ce/2019/,ippu,2026-09-02
demscalar_ippu_product_use_lubricants,ippu,1,0.096,2013,uso de productos calibrado contra Tabla 7 2F1 (9.600%),"INEGI Censos Economicos / Anuario estadistico de la mineria; PECC Oaxaca 2016-2022 Tabla 7 (2A1 cemento, 2F1 HFC)",https://www.inegi.org.mx/programas/ce/2019/,ippu,2026-09-02
demscalar_ippu_product_use_paraffin_wax,ippu,1,0.096,2013,uso de productos calibrado contra Tabla 7 2F1 (9.600%),"INEGI Censos Economicos / Anuario estadistico de la mineria; PECC Oaxaca 2016-2022 Tabla 7 (2A1 cemento, 2F1 HFC)",https://www.inegi.org.mx/programas/ce/2019/,ippu,2026-09-02
demscalar_ippu_product_use_other,ippu,1,0.096,2013,uso de productos calibrado contra Tabla 7 2F1 (9.600%),"INEGI Censos Economicos / Anuario estadistico de la mineria; PECC Oaxaca 2016-2022 Tabla 7 (2A1 cemento, 2F1 HFC)",https://www.inegi.org.mx/programas/ce/2019/,ippu,2026-09-02
consumpinit_scoe_gj_per_hh_residential_heat_energy,scoe,12.06297085,6.031485425,2013,"intensidad residencial de calor x0.5 (menor consumo por hogar; alta ruralidad, sin red de gas natural)","INEGI Encuesta Nacional de Consumo de Energeticos en Viviendas (ENCEVI); INEGI Censos Economicos Oaxaca; PECC Oaxaca 2016-2022 Tabla 7 (1A2, 1A4)",https://www.inegi.org.mx/programas/encevi/2018/,buildings_industry,2026-09-02
consumpinit_scoe_gj_per_hh_residential_elec_appliances,scoe,12.06297085,5.4283368825,2013,intensidad residencial electrica x0.45 (menor equipamiento de electrodomesticos),"INEGI Encuesta Nacional de Consumo de Energeticos en Viviendas (ENCEVI); INEGI Censos Economicos Oaxaca; PECC Oaxaca 2016-2022 Tabla 7 (1A2, 1A4)",https://www.inegi.org.mx/programas/encevi/2018/,buildings_industry,2026-09-02
consumpinit_scoe_tj_per_mmmgdp_commercial_municipal_heat_energy,scoe,74.26694741,37.133473705,2013,intensidad comercial/institucional x0.5,"INEGI Encuesta Nacional de Consumo de Energeticos en Viviendas (ENCEVI); INEGI Censos Economicos Oaxaca; PECC Oaxaca 2016-2022 Tabla 7 (1A2, 1A4)",https://www.inegi.org.mx/programas/encevi/2018/,buildings_industry,2026-09-02
consumpinit_scoe_tj_per_mmmgdp_commercial_municipal_elec_appliances,scoe,74.26694741,37.133473705,2013,intensidad comercial/institucional x0.5,"INEGI Encuesta Nacional de Consumo de Energeticos en Viviendas (ENCEVI); INEGI Censos Economicos Oaxaca; PECC Oaxaca 2016-2022 Tabla 7 (1A2, 1A4)",https://www.inegi.org.mx/programas/encevi/2018/,buildings_industry,2026-09-02
consumpinit_inen_energy_total_pj_agriculture_and_livestock,inen,106.1275663,2.5,2013,"energia agricola estatal (baja mecanizacion; los tractores se contabilizan en 1A3eiii, no en 1A2)","INEGI Encuesta Nacional de Consumo de Energeticos en Viviendas (ENCEVI); INEGI Censos Economicos Oaxaca; PECC Oaxaca 2016-2022 Tabla 7 (1A2, 1A4)",https://www.inegi.org.mx/programas/encevi/2018/,buildings_industry,2026-09-02
consumpinit_inen_energy_tj_per_mmm_gdp_other_product_manufacturing,inen,264.3689447,105.74757788,2013,intensidad energetica de manufactura ligada al PIB x0.4 (manufactura ligera),"INEGI Encuesta Nacional de Consumo de Energeticos en Viviendas (ENCEVI); INEGI Censos Economicos Oaxaca; PECC Oaxaca 2016-2022 Tabla 7 (1A2, 1A4)",https://www.inegi.org.mx/programas/encevi/2018/,buildings_industry,2026-09-02
qty_waso_initial_municipal_waste_tonne_per_capita,waso,0.355,0.1,2013,generacion per capita estatal (~0.74 kg/hab/dia),INEGI Censo Nacional de Gobiernos Municipales (residuos solidos); CONAGUA Inventario de plantas de tratamiento de aguas residuales; SEMARNAT Diagnostico Basico para la Gestion Integral de los Residuos; PECC Oaxaca Tabla 7,https://www.inegi.org.mx/programas/cngmd/,waste,2026-09-02
qty_waso_industrial_waste_kt_per_mmm_gdp,waso,30,8.0,2013,residuos industriales por PIB (sin industria pesada),INEGI Censo Nacional de Gobiernos Municipales (residuos solidos); CONAGUA Inventario de plantas de tratamiento de aguas residuales; SEMARNAT Diagnostico Basico para la Gestion Integral de los Residuos; PECC Oaxaca Tabla 7,https://www.inegi.org.mx/programas/cngmd/,waste,2026-09-02
frac_waso_non_recycled_incinerated,waso,0.492915926,0.0,2013,destino de residuos: sin incineracion ni waste-to-energy en el estado,INEGI Censo Nacional de Gobiernos Municipales (residuos solidos); CONAGUA Inventario de plantas de tratamiento de aguas residuales; SEMARNAT Diagnostico Basico para la Gestion Integral de los Residuos; PECC Oaxaca Tabla 7,https://www.inegi.org.mx/programas/cngmd/,waste,2026-09-02
frac_waso_non_recycled_landfilled,waso,0,0.15,2013,destino de residuos: pocos rellenos sanitarios controlados,INEGI Censo Nacional de Gobiernos Municipales (residuos solidos); CONAGUA Inventario de plantas de tratamiento de aguas residuales; SEMARNAT Diagnostico Basico para la Gestion Integral de los Residuos; PECC Oaxaca Tabla 7,https://www.inegi.org.mx/programas/cngmd/,waste,2026-09-02
frac_waso_non_recycled_open_dump,waso,0.507084074,0.85,2013,destino de residuos: tiraderos a cielo abierto (predominan en Oaxaca),INEGI Censo Nacional de Gobiernos Municipales (residuos solidos); CONAGUA Inventario de plantas de tratamiento de aguas residuales; SEMARNAT Diagnostico Basico para la Gestion Integral de los Residuos; PECC Oaxaca Tabla 7,https://www.inegi.org.mx/programas/cngmd/,waste,2026-09-02
frac_waso_msw_incinerated_recovered_for_energy,waso,0.048754849,0.0,2013,destino de residuos: sin recuperacion energetica,INEGI Censo Nacional de Gobiernos Municipales (residuos solidos); CONAGUA Inventario de plantas de tratamiento de aguas residuales; SEMARNAT Diagnostico Basico para la Gestion Integral de los Residuos; PECC Oaxaca Tabla 7,https://www.inegi.org.mx/programas/cngmd/,waste,2026-09-02
frac_waso_isw_incinerated_recovered_for_energy,waso,0.048754849,0.0,2013,destino de residuos: sin recuperacion energetica,INEGI Censo Nacional de Gobiernos Municipales (residuos solidos); CONAGUA Inventario de plantas de tratamiento de aguas residuales; SEMARNAT Diagnostico Basico para la Gestion Integral de los Residuos; PECC Oaxaca Tabla 7,https://www.inegi.org.mx/programas/cngmd/,waste,2026-09-02
mcf_waso_average_open_dump,waso,0.5,0.4,2013,destino de residuos: factor de correccion de metano para sitio no gestionado somero,INEGI Censo Nacional de Gobiernos Municipales (residuos solidos); CONAGUA Inventario de plantas de tratamiento de aguas residuales; SEMARNAT Diagnostico Basico para la Gestion Integral de los Residuos; PECC Oaxaca Tabla 7,https://www.inegi.org.mx/programas/cngmd/,waste,2026-09-02
gasrf_trww_biogas_treated_advanced_aerobic,trww,0,0.0,2013,factor de calibracion x0.55 contra Tabla 7 4D1+4D2 (baja cobertura de alcantarillado y tratamiento),INEGI Censo Nacional de Gobiernos Municipales (residuos solidos); CONAGUA Inventario de plantas de tratamiento de aguas residuales; SEMARNAT Diagnostico Basico para la Gestion Integral de los Residuos; PECC Oaxaca Tabla 7,https://www.inegi.org.mx/programas/cngmd/,waste,2026-09-02
gasrf_trww_biogas_treated_advanced_anaerobic,trww,0,0.0,2013,factor de calibracion x0.55 contra Tabla 7 4D1+4D2 (baja cobertura de alcantarillado y tratamiento),INEGI Censo Nacional de Gobiernos Municipales (residuos solidos); CONAGUA Inventario de plantas de tratamiento de aguas residuales; SEMARNAT Diagnostico Basico para la Gestion Integral de los Residuos; PECC Oaxaca Tabla 7,https://www.inegi.org.mx/programas/cngmd/,waste,2026-09-02
gasrf_trww_biogas_treated_secondary_aerobic,trww,0,0.0,2013,factor de calibracion x0.55 contra Tabla 7 4D1+4D2 (baja cobertura de alcantarillado y tratamiento),INEGI Censo Nacional de Gobiernos Municipales (residuos solidos); CONAGUA Inventario de plantas de tratamiento de aguas residuales; SEMARNAT Diagnostico Basico para la Gestion Integral de los Residuos; PECC Oaxaca Tabla 7,https://www.inegi.org.mx/programas/cngmd/,waste,2026-09-02
gasrf_trww_biogas_treated_secondary_anaerobic,trww,0,0.0,2013,factor de calibracion x0.55 contra Tabla 7 4D1+4D2 (baja cobertura de alcantarillado y tratamiento),INEGI Censo Nacional de Gobiernos Municipales (residuos solidos); CONAGUA Inventario de plantas de tratamiento de aguas residuales; SEMARNAT Diagnostico Basico para la Gestion Integral de los Residuos; PECC Oaxaca Tabla 7,https://www.inegi.org.mx/programas/cngmd/,waste,2026-09-02
mcf_trww_treated_advanced_aerobic,trww,0.03,0.0165,2013,factor de calibracion x0.55 contra Tabla 7 4D1+4D2 (baja cobertura de alcantarillado y tratamiento),INEGI Censo Nacional de Gobiernos Municipales (residuos solidos); CONAGUA Inventario de plantas de tratamiento de aguas residuales; SEMARNAT Diagnostico Basico para la Gestion Integral de los Residuos; PECC Oaxaca Tabla 7,https://www.inegi.org.mx/programas/cngmd/,waste,2026-09-02
mcf_trww_treated_advanced_anaerobic,trww,0.6,0.33,2013,factor de calibracion x0.55 contra Tabla 7 4D1+4D2 (baja cobertura de alcantarillado y tratamiento),INEGI Censo Nacional de Gobiernos Municipales (residuos solidos); CONAGUA Inventario de plantas de tratamiento de aguas residuales; SEMARNAT Diagnostico Basico para la Gestion Integral de los Residuos; PECC Oaxaca Tabla 7,https://www.inegi.org.mx/programas/cngmd/,waste,2026-09-02
mcf_trww_treated_latrine_improved,trww,0.6,0.33,2013,factor de calibracion x0.55 contra Tabla 7 4D1+4D2 (baja cobertura de alcantarillado y tratamiento),INEGI Censo Nacional de Gobiernos Municipales (residuos solidos); CONAGUA Inventario de plantas de tratamiento de aguas residuales; SEMARNAT Diagnostico Basico para la Gestion Integral de los Residuos; PECC Oaxaca Tabla 7,https://www.inegi.org.mx/programas/cngmd/,waste,2026-09-02
mcf_trww_treated_latrine_unimproved,trww,0.1,0.05500000000000001,2013,factor de calibracion x0.55 contra Tabla 7 4D1+4D2 (baja cobertura de alcantarillado y tratamiento),INEGI Censo Nacional de Gobiernos Municipales (residuos solidos); CONAGUA Inventario de plantas de tratamiento de aguas residuales; SEMARNAT Diagnostico Basico para la Gestion Integral de los Residuos; PECC Oaxaca Tabla 7,https://www.inegi.org.mx/programas/cngmd/,waste,2026-09-02
mcf_trww_treated_primary,trww,0.03,0.0165,2013,factor de calibracion x0.55 contra Tabla 7 4D1+4D2 (baja cobertura de alcantarillado y tratamiento),INEGI Censo Nacional de Gobiernos Municipales (residuos solidos); CONAGUA Inventario de plantas de tratamiento de aguas residuales; SEMARNAT Diagnostico Basico para la Gestion Integral de los Residuos; PECC Oaxaca Tabla 7,https://www.inegi.org.mx/programas/cngmd/,waste,2026-09-02
mcf_trww_treated_secondary_aerobic,trww,0.03,0.0165,2013,factor de calibracion x0.55 contra Tabla 7 4D1+4D2 (baja cobertura de alcantarillado y tratamiento),INEGI Censo Nacional de Gobiernos Municipales (residuos solidos); CONAGUA Inventario de plantas de tratamiento de aguas residuales; SEMARNAT Diagnostico Basico para la Gestion Integral de los Residuos; PECC Oaxaca Tabla 7,https://www.inegi.org.mx/programas/cngmd/,waste,2026-09-02
mcf_trww_treated_secondary_anaerobic,trww,0.6,0.33,2013,factor de calibracion x0.55 contra Tabla 7 4D1+4D2 (baja cobertura de alcantarillado y tratamiento),INEGI Censo Nacional de Gobiernos Municipales (residuos solidos); CONAGUA Inventario de plantas de tratamiento de aguas residuales; SEMARNAT Diagnostico Basico para la Gestion Integral de los Residuos; PECC Oaxaca Tabla 7,https://www.inegi.org.mx/programas/cngmd/,waste,2026-09-02
mcf_trww_treated_septic,trww,0.5,0.275,2013,factor de calibracion x0.55 contra Tabla 7 4D1+4D2 (baja cobertura de alcantarillado y tratamiento),INEGI Censo Nacional de Gobiernos Municipales (residuos solidos); CONAGUA Inventario de plantas de tratamiento de aguas residuales; SEMARNAT Diagnostico Basico para la Gestion Integral de los Residuos; PECC Oaxaca Tabla 7,https://www.inegi.org.mx/programas/cngmd/,waste,2026-09-02
mcf_trww_untreated_no_sewerage,trww,0.3,0.165,2013,factor de calibracion x0.55 contra Tabla 7 4D1+4D2 (baja cobertura de alcantarillado y tratamiento),INEGI Censo Nacional de Gobiernos Municipales (residuos solidos); CONAGUA Inventario de plantas de tratamiento de aguas residuales; SEMARNAT Diagnostico Basico para la Gestion Integral de los Residuos; PECC Oaxaca Tabla 7,https://www.inegi.org.mx/programas/cngmd/,waste,2026-09-02
mcf_trww_untreated_with_sewerage,trww,0.25,0.1375,2013,factor de calibracion x0.55 contra Tabla 7 4D1+4D2 (baja cobertura de alcantarillado y tratamiento),INEGI Censo Nacional de Gobiernos Municipales (residuos solidos); CONAGUA Inventario de plantas de tratamiento de aguas residuales; SEMARNAT Diagnostico Basico para la Gestion Integral de los Residuos; PECC Oaxaca Tabla 7,https://www.inegi.org.mx/programas/cngmd/,waste,2026-09-02
