time_period,year,emission_co2e_subsector_total_agrc,emission_co2e_subsector_total_frst,emission_co2e_subsector_total_lndu,emission_co2e_subsector_total_lsmm,emission_co2e_subsector_total_lvst,emission_co2e_subsector_total_soil,emission_co2e_subsector_total_waso,emission_co2e_subsector_total_trww,emission_co2e_subsector_total_ccsq,emission_co2e_subsector_total_entc,emission_co2e_subsector_total_fgtv,emission_co2e_subsector_total_inen,emission_co2e_subsector_total_scoe,emission_co2e_subsector_total_trns,emission_co2e_subsector_total_ippu
0,2015,2.1111432847272003,-146.9091183361961,56.8851520931169,9.55812138977483,61.32311055098798,31.40282864000971,72.87588296999256,23.940501073033907,0.0,204.80920203277714,76.2651264549202,72.8738899769409,33.182724619142995,132.24481910425465,167.79378005358433
1,2016,2.226633092797025,-147.3764508396764,42.20004447296601,9.650570591135024,61.29068036384451,32.64489736964214,74.74879289946364,24.397156144311403,0.0,206.10535448353232,71.40026954009687,67.48945198632214,33.91089931120341,133.5842740840843,171.84154269008695
2,2017,2.2541416539018413,-147.9541421303933,34.46636881641436,9.693688383068936,60.3570816197894,33.22655819133254,76.61234709424359,24.868103501008818,0.0,198.26698208335776,63.192281920185465,73.30851292188586,34.09166058321669,135.57220283704896,176.13941731239973
3,2018,2.2665225152462067,-147.97057794305292,16.905662022764147,9.755742372312714,59.70493810210229,33.91247077008307,78.48177591767372,25.354277563506937,0.0,197.35492855450357,65.36457682331152,74.35474438920961,33.65570704518154,137.7273232472497,180.44665901977288
4,2019,2.3056862223830974,-147.93305979214077,27.86146733586942,9.749251194635592,58.9717096634349,34.32774113865546,79.05659582113324,25.544300494461677,0.0,202.052943997843,63.1379402978366,69.2057703667097,34.26930880662021,137.90017271371642,179.83612661661823
5,2020,2.232837745780448,-147.7530079030796,27.668256412395863,9.513855263759188,58.38072184127467,34.82292437799722,74.90607615305493,24.605869501156572,0.0,162.76235565611452,60.02454785459861,58.18616520565205,36.79789348752961,126.18108245124289,173.40886202546022
6,2021,2.2583587136289527,-146.29482934005148,27.491983798770747,9.58377263202708,57.63305077964395,35.334739038041675,78.32405098992872,25.103499512100676,0.0,165.5366441206186,57.35752821284906,59.61490769989894,36.33880804360207,131.17909238751275,176.20245767552487
7,2022,2.289444783968058,-147.17459087422606,27.314281600381193,9.687028294374736,56.95953584673794,35.73949776751566,80.93724190084508,25.793424064076817,0.0,156.96149170734526,55.77082092746818,60.176410600885724,36.70223554798947,135.3479790233416,179.0779214222149
8,2023,2.342619140951024,-147.6161975128591,27.13522566488973,9.775380415509815,56.31295579380157,35.99207557390486,83.23669328989688,26.412521976306188,0.0,170.2998404051917,59.53082103635828,60.595680981726524,37.08878232071034,140.06457827822436,181.51930317980904
9,2024,2.3364684675870033,-147.8841690362554,26.95489120195799,9.842692928614555,55.693819679542734,36.05263558962768,85.07772223627265,26.927850624873965,0.0,163.2492645343433,51.351041798408325,60.72411025441693,37.473115613225765,143.87046726326392,183.3450873222655
10,2025,2.3303316805852443,-147.98031439088783,26.773352693417806,9.886325297422806,55.101556340508594,35.89288506516342,86.38313566457433,27.322736839781363,0.0,164.72783333030839,52.9863404242973,60.57504973004071,37.8279467580107,146.5771890282205,184.46868199095775
11,2026,2.32421060800403,-147.9194805299633,26.590683930214624,9.940475183806246,54.52206877278709,35.51445055760253,87.97343856952821,27.770204890484727,0.0,165.75408699813926,50.24884405788597,60.573932527531525,38.19422960822133,149.8988852412059,185.99891494873947
12,2027,2.3181069832352783,-147.9397812657268,26.40695771991082,9.999380273347786,53.959606006445846,34.926552996573854,89.6431806186611,28.240553075781005,0.0,166.97699485293234,47.66958798622819,60.61907981788714,38.589264935133606,153.38174774709788,187.64643217555943
13,2028,2.312022448917666,-147.97066748599966,26.222245898724978,10.059863618310382,53.414581628772616,34.152150445574264,91.32739693604775,28.717943309965293,0.0,168.19617013978615,44.85182471566969,60.679570563038546,39.005885080760486,156.8728640661903,189.32089461285554
14,2029,2.3059585606940507,-147.99249414471373,26.03661929138461,10.121745323708366,52.88650478762326,33.21783333974463,93.02550532379165,29.201748855404738,0.0,170.18789789092625,45.15166077508582,60.74541799125044,39.444437897588955,160.3549404846483,191.01875216386534
15,2030,2.299916790819358,-148.00551646713353,25.85014737050092,10.187860204829441,52.374120194164654,32.14648038084109,94.80726997451897,29.707521770322575,0.0,172.3473679897325,45.46740726079799,60.84961884857114,39.91936237964816,163.96129688312095,192.827742327004
16,2031,2.293898531624907,-148.0269071895171,25.662898545148195,10.252353848092783,51.87554688870981,30.951356025308968,96.65668084561506,30.207724882761894,0.0,174.61348734358253,45.793985712671876,60.98703219577339,40.403479698350274,167.66101851434266,194.73572365716564
17,2032,2.287905098844875,-148.0522098309163,25.474939858672442,10.320420370061269,51.39196338840786,29.640925770073256,98.58505550925705,30.727864241873522,0.0,177.0445693057765,46.1342513535613,61.15864226676615,40.93057120413565,171.45041720205663,196.74534209888384
18,2033,2.281937734810362,-148.08104472225511,25.286337078538708,10.392052264990225,50.92292524547866,28.218178471288773,100.59866801254346,31.268704573324015,0.0,179.62984954890058,46.455771674505954,61.3654319242054,41.504760274247836,175.32581434149245,198.86062673880684
19,2034,2.2759976115163356,-148.11322788065743,25.09715447475962,10.467244012758867,50.46802200161675,26.80196142055506,102.70390107439452,31.83105789436249,0.0,182.3545130399969,46.75576276591181,61.65660165118216,42.13045796142264,179.28364374727673,201.08588857066485
20,2035,2.2700858335665215,-148.14870870761817,24.907454973696275,10.545987354903012,50.02683508441899,26.62691481326745,104.9073062069319,32.41578486083371,0.0,185.2646922169302,47.06941225047616,62.00483656668286,42.81240596611953,183.32056088154266,203.42573967768953
21,2036,2.264203441001036,-148.18752765761914,24.717300003035533,10.622639285521162,49.59750188792087,26.39514000322476,107.20677178597845,32.99687250159473,0.0,188.34579733343213,47.39591164923341,62.38937878280087,43.53478742087365,187.43415491262843,205.88631356394964
22,2037,2.2583514120114696,-148.22978742785446,24.526749535179988,10.702708412222453,49.181129700022375,26.312233494881436,109.61502437651633,33.601635917133564,0.0,191.649767931227,47.73889430458516,62.81142933976542,44.32529380439372,191.6321682523808,208.47171988206654
23,2038,2.252530665547851,-148.27563345226056,24.335862063647056,10.78618190045356,48.77733200533303,26.351232882925142,112.13990726151525,34.23108230041149,0.0,195.1905942244713,48.09987075192079,63.27231693616421,45.1899096609494,195.9312136596033,211.18760766791323
24,2039,2.2467420638218014,-148.32524066838604,24.14469449180403,10.87278259995125,48.38579906424174,26.26811032843934,114.78190384944496,34.884636110305806,0.0,198.9691563925192,48.47903916197696,63.77020231545749,46.132329643224026,200.33322663859192,214.03073864572877
25,2040,2.2409864147099974,-148.37723634797118,23.953302279548993,10.96198387292906,48.00626522199591,26.189026968359716,117.5336437109483,35.5600928887614,0.0,202.97201257739806,48.87516983017222,64.30006780317306,47.153310356325015,204.82449065934415,216.98874239336283
26,2041,2.2352644740618954,-148.42896056895353,23.761739264719864,11.045687628873573,47.637297886409954,26.112095729684782,120.33569603820497,36.21668992811101,0.0,207.07701854557592,49.27719463793164,64.83935955630369,48.222457942980355,209.30315280608156,220.00012990564542
27,2042,2.229576947915488,-148.4699167031974,23.570057839194277,11.1296293873092,47.280024863794885,26.038318880054444,123.18661250914877,36.88161787786182,0.0,211.30068665364558,49.68593493796906,65.38436368648142,49.353715775398605,213.75999226230599,223.05379744340607
28,2043,2.2239244946247747,-148.50010656999635,23.37830877416347,11.2132180788347,46.934180713242256,25.967425734016253,126.07028605139148,37.55125625989969,0.0,215.6122016240792,50.09861670398207,65.92784001705546,50.54182987696522,218.16800650197192,226.1295095858223
29,2044,2.218307726902433,-148.51769468941552,23.186541386273632,11.296520018219038,46.59937119567282,25.89934610670405,128.99075932137347,38.226285782963046,0.0,220.0193797750768,50.51637242191055,66.47105654194269,51.79013537171152,222.54322476894168,229.23133227172585
30,2045,2.212727213781031,-148.5248945329022,22.99480340665184,11.379601442624436,46.27522615979353,25.83401336735344,131.95219998266896,38.90741103160854,0.0,224.53064274059903,50.940397691471794,67.01530128365793,53.10236590446923,226.90230487779127,232.3634587292224
31,2046,2.2071834824960326,-148.52340763481888,22.80314105613425,11.455560851109253,45.96008921739245,25.76992312278715,134.93727280962594,39.561657146304746,0.0,229.11312825766956,51.368565957482595,67.55701354444628,54.472119947585256,231.23749378117785,235.51739725207653
32,2047,2.2016770202936846,-148.51239457008384,22.6115991406499,11.530809718437572,45.65500120014104,25.708269690936508,137.95077241162275,40.21931717711983,0.0,233.7848699511741,51.802262119943954,68.0955491284645,55.9070196775641,235.55582731574654,238.69017619326888
33,2048,2.19620827616673,-148.49240946664494,22.420220794531545,11.605622790742524,45.3595894303288,25.649058256134534,141.00462852188267,40.88261732059662,0.0,238.56948440751626,52.24418652590146,68.63512118097603,57.41527708531718,239.88968003907846,241.89458269867885
34,2049,2.190777662520866,-148.46603311419108,22.22904786702783,11.68033678296208,45.073480736536,25.592317268431106,144.114415659335,41.55445677419038,0.0,243.49841029272858,52.69777314688531,69.1811558025355,59.00796781249683,244.27821425139848,245.14728130649706
35,2050,2.185385556774612,-148.43593496989914,22.038120700602846,11.755096778997824,44.796353720574245,25.538019225886128,147.2893643739104,42.23642270584672,0.0,248.59109885093702,53.16525769891391,69.73647948506427,60.69363608174217,248.74756879319185,248.45749633758953
36,2051,2.180032302895285,-148.4032407908181,21.84747812170376,11.812997237224698,44.5248654936025,25.482593606955415,150.49824358189917,42.82557918323182,0.0,254.6746884565971,53.7535372379811,70.84499350769241,62.486316763077724,254.63269387146417,251.8172878881376
37,2052,2.1747182128735645,-148.36595380886146,21.65715762468713,11.871315117154372,44.261830552875445,25.429528720575654,153.74598355856773,43.42078547978727,0.0,260.8426802073352,54.35039843950156,71.96858741012497,64.31404796381936,260.60667860901486,255.21226806560438
38,2053,2.1694435681390978,-148.32259547655687,21.467195268525828,11.92952561389589,44.00705835736676,25.378588295724985,157.01216090063724,44.017807047833685,0.0,267.0501282612401,54.95152529940095,73.09912995744514,66.16383224811257,266.6268245907591,258.61826495809055
39,2054,2.164208620919463,-148.2701401055757,21.277625770764402,11.987640739680762,43.760291043592126,25.329709973549686,160.29835567190972,44.616773272737966,0.0,273.2971688575869,55.556957813999034,74.23681388020209,68.03591199021784,272.6939348667694,262.0360376875022
40,2055,2.1590135955447396,-148.20956793469196,21.08848253075108,12.045201285438319,43.521332012211175,25.28268042740516,163.5848340222359,45.21379037273703,0.0,279.54177249354206,56.16264747162023,75.3740627075054,69.91780462955145,278.7678556485851,265.44334326747025
41,2056,2.1538586896998173,-148.1385152411866,20.899797572692904,12.102280606293784,43.28992142400416,25.23745995648872,166.8747153375478,45.80941017870948,0.0,285.7882557117769,56.7690307099465,76.5118363623593,71.81082127513197,284.8532673366716,268.8433409499852
42,2057,2.148744075626527,-148.05845879249074,20.71160162118815,12.159202313008793,43.065772457896394,25.194090805792555,170.1828346829838,46.406391459105315,0.0,292.064310294235,57.378816940573216,77.65539704215522,73.72343861828902,290.97767542084813,272.25182227926706
43,2058,2.14366990127756,-147.9722462047026,20.523924236882436,12.216006588179177,42.848645172577534,25.152526592280697,173.51152600552444,47.00510607446512,0.0,298.37272862822374,57.99230366777893,78.80541380209716,75.65668823518325,297.14443502972864,275.6709295219371
44,2059,2.138636291424084,-147.88041455216475,20.336793586106026,12.272980891003868,42.638280285898794,25.112803344361186,176.87500886253542,47.608145286827494,0.0,304.7398352812603,58.6120808199496,79.96689437693573,77.6188907907954,303.37996412744127,279.11550653950985
45,2060,2.1336433487188695,-147.7850880749433,20.15023654567929,12.33040419040377,42.43442255199638,25.074956103274527,180.2878822879745,48.21812656138166,0.0,311.1924391738665,59.24079645295363,81.14494459889153,79.61870905179748,309.7113693130308,282.6005574822624
