subsector_ssp,sector,subsector,gas,ID,vars
agrc,3 - AFOLU,3.C - Agriculture (aggregate),CH4,3.C - Agriculture (aggregate):CH4,emission_co2e_ch4_agrc_anaerobicdom_rice:emission_co2e_ch4_agrc_biomass_burning
agrc,3 - AFOLU,3.C - Agriculture (aggregate),CO2,3.C - Agriculture (aggregate):CO2,emission_co2e_co2_agrc_biomass_bevs_and_spices:emission_co2e_co2_agrc_biomass_fruits:emission_co2e_co2_agrc_biomass_nuts:emission_co2e_co2_agrc_biomass_other_woody_perennial
agrc,3 - AFOLU,3.C - Agriculture (aggregate),N2O,3.C - Agriculture (aggregate):N2O,emission_co2e_n2o_agrc_biomass_burning:emission_co2e_n2o_agrc_crop_residues
inen,1 - Energy,1.A.2 - Manufacturing and Construction,CH4,1.A.2 - Manufacturing and Construction:CH4,emission_co2e_ch4_inen_agriculture_and_livestock:emission_co2e_ch4_inen_cement:emission_co2e_ch4_inen_chemicals:emission_co2e_ch4_inen_electronics:emission_co2e_ch4_inen_glass:emission_co2e_ch4_inen_lime_and_carbonite:emission_co2e_ch4_inen_metals:emission_co2e_ch4_inen_mining:emission_co2e_ch4_inen_other_product_manufacturing:emission_co2e_ch4_inen_paper:emission_co2e_ch4_inen_plastic:emission_co2e_ch4_inen_recycled_glass:emission_co2e_ch4_inen_recycled_metals:emission_co2e_ch4_inen_recycled_paper:emission_co2e_ch4_inen_recycled_plastic:emission_co2e_ch4_inen_recycled_rubber_and_leather:emission_co2e_ch4_inen_recycled_textiles:emission_co2e_ch4_inen_recycled_wood:emission_co2e_ch4_inen_rubber_and_leather:emission_co2e_ch4_inen_textiles:emission_co2e_ch4_inen_wood
inen,1 - Energy,1.A.2 - Manufacturing and Construction,CO2,1.A.2 - Manufacturing and Construction:CO2,emission_co2e_co2_inen_bmass_agriculture_and_livestock:emission_co2e_co2_inen_bmass_cement:emission_co2e_co2_inen_bmass_chemicals:emission_co2e_co2_inen_bmass_electronics:emission_co2e_co2_inen_bmass_glass:emission_co2e_co2_inen_bmass_lime_and_carbonite:emission_co2e_co2_inen_bmass_metals:emission_co2e_co2_inen_bmass_mining:emission_co2e_co2_inen_bmass_other_product_manufacturing:emission_co2e_co2_inen_bmass_paper:emission_co2e_co2_inen_bmass_plastic:emission_co2e_co2_inen_bmass_recycled_glass:emission_co2e_co2_inen_bmass_recycled_metals:emission_co2e_co2_inen_bmass_recycled_paper:emission_co2e_co2_inen_bmass_recycled_plastic:emission_co2e_co2_inen_bmass_recycled_rubber_and_leather:emission_co2e_co2_inen_bmass_recycled_textiles:emission_co2e_co2_inen_bmass_recycled_wood:emission_co2e_co2_inen_bmass_rubber_and_leather:emission_co2e_co2_inen_bmass_textiles:emission_co2e_co2_inen_bmass_wood:emission_co2e_co2_inen_nbmass_agriculture_and_livestock:emission_co2e_co2_inen_nbmass_cement:emission_co2e_co2_inen_nbmass_chemicals:emission_co2e_co2_inen_nbmass_electronics:emission_co2e_co2_inen_nbmass_glass:emission_co2e_co2_inen_nbmass_lime_and_carbonite:emission_co2e_co2_inen_nbmass_metals:emission_co2e_co2_inen_nbmass_mining:emission_co2e_co2_inen_nbmass_other_product_manufacturing:emission_co2e_co2_inen_nbmass_paper:emission_co2e_co2_inen_nbmass_plastic:emission_co2e_co2_inen_nbmass_recycled_glass:emission_co2e_co2_inen_nbmass_recycled_metals:emission_co2e_co2_inen_nbmass_recycled_paper:emission_co2e_co2_inen_nbmass_recycled_plastic:emission_co2e_co2_inen_nbmass_recycled_rubber_and_leather:emission_co2e_co2_inen_nbmass_recycled_textiles:emission_co2e_co2_inen_nbmass_recycled_wood:emission_co2e_co2_inen_nbmass_rubber_and_leather:emission_co2e_co2_inen_nbmass_textiles:emission_co2e_co2_inen_nbmass_wood
inen,1 - Energy,1.A.2 - Manufacturing and Construction,N2O,1.A.2 - Manufacturing and Construction:N2O,emission_co2e_n2o_inen_agriculture_and_livestock:emission_co2e_n2o_inen_cement:emission_co2e_n2o_inen_chemicals:emission_co2e_n2o_inen_electronics:emission_co2e_n2o_inen_glass:emission_co2e_n2o_inen_lime_and_carbonite:emission_co2e_n2o_inen_metals:emission_co2e_n2o_inen_mining:emission_co2e_n2o_inen_other_product_manufacturing:emission_co2e_n2o_inen_paper:emission_co2e_n2o_inen_plastic:emission_co2e_n2o_inen_recycled_glass:emission_co2e_n2o_inen_recycled_metals:emission_co2e_n2o_inen_recycled_paper:emission_co2e_n2o_inen_recycled_plastic:emission_co2e_n2o_inen_recycled_rubber_and_leather:emission_co2e_n2o_inen_recycled_textiles:emission_co2e_n2o_inen_recycled_wood:emission_co2e_n2o_inen_rubber_and_leather:emission_co2e_n2o_inen_textiles:emission_co2e_n2o_inen_wood
ippu,2 - IPPU,2 - IPPU,C2H3F3,2 - IPPU:C2H3F3,emission_co2e_c2h3f3_ippu_product_use_product_use_ods_refrigeration:emission_co2e_c2h3f3_ippu_production_chemicals
ippu,2 - IPPU,2 - IPPU,C2HF5,2 - IPPU:C2HF5,emission_co2e_c2hf5_ippu_product_use_product_use_ods_other:emission_co2e_c2hf5_ippu_product_use_product_use_ods_refrigeration:emission_co2e_c2hf5_ippu_production_chemicals
ippu,2 - IPPU,2 - IPPU,C3H3F5,2 - IPPU:C3H3F5,emission_co2e_c3h3f5_ippu_product_use_product_use_ods_other:emission_co2e_c3h3f5_ippu_product_use_product_use_ods_refrigeration
ippu,2 - IPPU,2 - IPPU,C4H5F5,2 - IPPU:C4H5F5,emission_co2e_c4h5f5_ippu_product_use_product_use_ods_other:emission_co2e_c4h5f5_ippu_production_chemicals
ippu,2 - IPPU,2 - IPPU,C5H2F10,2 - IPPU:C5H2F10,emission_co2e_c5h2f10_ippu_product_use_product_use_ods_other
ippu,2 - IPPU,2 - IPPU,CH2F2,2 - IPPU:CH2F2,emission_co2e_ch2f2_ippu_product_use_product_use_ods_refrigeration:emission_co2e_ch2f2_ippu_production_chemicals:emission_co2e_ch2f2_ippu_production_electronics
ippu,2 - IPPU,2 - IPPU,CHF2CF3,2 - IPPU:CHF2CF3,emission_co2e_chf2cf3_ippu_product_use_product_use_ods_other:emission_co2e_chf2cf3_ippu_product_use_product_use_ods_refrigeration:emission_co2e_chf2cf3_ippu_production_chemicals
ippu,2 - IPPU,2 - IPPU,CO2,2 - IPPU:CO2,emission_co2e_co2_ippu_product_use_product_use_lubricants:emission_co2e_co2_ippu_product_use_product_use_other:emission_co2e_co2_ippu_product_use_product_use_paraffin_wax:emission_co2e_co2_ippu_production_cement:emission_co2e_co2_ippu_production_chemicals:emission_co2e_co2_ippu_production_glass:emission_co2e_co2_ippu_production_lime_and_carbonite:emission_co2e_co2_ippu_production_metals:emission_co2e_co2_ippu_production_paper:emission_co2e_co2_ippu_production_plastic:emission_co2e_co2_ippu_production_product_use_lubricants:emission_co2e_co2_ippu_production_product_use_paraffin_wax
ippu,2 - IPPU,2 - IPPU,HFCS,2 - IPPU:HFCS,emission_co2e_hfcs_ippu_product_use_product_use_ods_other:emission_co2e_hfcs_ippu_product_use_product_use_ods_refrigeration:emission_co2e_hfcs_ippu_production_chemicals:emission_co2e_hfcs_ippu_production_electronics:emission_co2e_hfcs_ippu_production_metals
ippu,2 - IPPU,2 - IPPU,N2O,2 - IPPU:N2O,emission_co2e_n2o_ippu_production_chemicals:emission_co2e_n2o_ippu_production_other_product_manufacturing:emission_co2e_n2o_ippu_production_paper:emission_co2e_n2o_ippu_production_plastic
ippu,2 - IPPU,2 - IPPU,SF6,2 - IPPU:SF6,emission_co2e_sf6_ippu_production_chemicals:emission_co2e_sf6_ippu_production_electronics:emission_co2e_sf6_ippu_production_metals:emission_co2e_sf6_ippu_production_other_product_manufacturing
lsmm,3 - AFOLU,3.A.2 - Manure Management,CH4,3.A.2 - Manure Management:CH4,emission_co2e_ch4_lsmm_anaerobic_digester:emission_co2e_ch4_lsmm_anaerobic_lagoon:emission_co2e_ch4_lsmm_composting:emission_co2e_ch4_lsmm_daily_spread:emission_co2e_ch4_lsmm_deep_bedding:emission_co2e_ch4_lsmm_dry_lot:emission_co2e_ch4_lsmm_incineration:emission_co2e_ch4_lsmm_liquid_slurry:emission_co2e_ch4_lsmm_paddock_pasture_range:emission_co2e_ch4_lsmm_poultry_manure:emission_co2e_ch4_lsmm_storage_solid
lsmm,3 - AFOLU,3.A.2 - Manure Management,N2O,3.A.2 - Manure Management:N2O,emission_co2e_n2o_lsmm_direct_anaerobic_digester:emission_co2e_n2o_lsmm_direct_anaerobic_lagoon:emission_co2e_n2o_lsmm_direct_composting:emission_co2e_n2o_lsmm_direct_daily_spread:emission_co2e_n2o_lsmm_direct_deep_bedding:emission_co2e_n2o_lsmm_direct_dry_lot:emission_co2e_n2o_lsmm_direct_incineration:emission_co2e_n2o_lsmm_direct_liquid_slurry:emission_co2e_n2o_lsmm_direct_paddock_pasture_range:emission_co2e_n2o_lsmm_direct_poultry_manure:emission_co2e_n2o_lsmm_direct_storage_solid:emission_co2e_n2o_lsmm_indirect_anaerobic_digester:emission_co2e_n2o_lsmm_indirect_anaerobic_lagoon:emission_co2e_n2o_lsmm_indirect_composting:emission_co2e_n2o_lsmm_indirect_daily_spread:emission_co2e_n2o_lsmm_indirect_deep_bedding:emission_co2e_n2o_lsmm_indirect_dry_lot:emission_co2e_n2o_lsmm_indirect_incineration:emission_co2e_n2o_lsmm_indirect_liquid_slurry:emission_co2e_n2o_lsmm_indirect_paddock_pasture_range:emission_co2e_n2o_lsmm_indirect_poultry_manure:emission_co2e_n2o_lsmm_indirect_storage_solid
lvst,3 - AFOLU,3.A.1 - Enteric Fermentation,CH4,3.A.1 - Enteric Fermentation:CH4,emission_co2e_ch4_lvst_entferm_buffalo:emission_co2e_ch4_lvst_entferm_cattle_dairy:emission_co2e_ch4_lvst_entferm_cattle_nondairy:emission_co2e_ch4_lvst_entferm_chickens:emission_co2e_ch4_lvst_entferm_goats:emission_co2e_ch4_lvst_entferm_horses:emission_co2e_ch4_lvst_entferm_mules:emission_co2e_ch4_lvst_entferm_pigs:emission_co2e_ch4_lvst_entferm_sheep
scoe,1 - Energy,1.A.4 - Buildings and Other,CH4,1.A.4 - Buildings and Other:CH4,emission_co2e_ch4_scoe_commercial_municipal:emission_co2e_ch4_scoe_other_se:emission_co2e_ch4_scoe_residential
scoe,1 - Energy,1.A.4 - Buildings and Other,CO2,1.A.4 - Buildings and Other:CO2,emission_co2e_co2_scoe_bmass_commercial_municipal:emission_co2e_co2_scoe_bmass_other_se:emission_co2e_co2_scoe_bmass_residential:emission_co2e_co2_scoe_nbmass_commercial_municipal:emission_co2e_co2_scoe_nbmass_other_se:emission_co2e_co2_scoe_nbmass_residential
scoe,1 - Energy,1.A.4 - Buildings and Other,N2O,1.A.4 - Buildings and Other:N2O,emission_co2e_n2o_scoe_commercial_municipal:emission_co2e_n2o_scoe_other_se:emission_co2e_n2o_scoe_residential
soil,3 - AFOLU,3.C.4-6 - Managed Soils,CO2,3.C.4-6 - Managed Soils:CO2,emission_co2e_co2_soil_lime_use:emission_co2e_co2_soil_soc_mineral_soils:emission_co2e_co2_soil_urea_use
soil,3 - AFOLU,3.C.4-6 - Managed Soils,N2O,3.C.4-6 - Managed Soils:N2O,emission_co2e_n2o_soil_fertilizer:emission_co2e_n2o_soil_mineral_soils:emission_co2e_n2o_soil_organic_soils:emission_co2e_n2o_soil_paddock_pasture_range
trns,1 - Energy,1.A.3 - Transport,CH4,1.A.3 - Transport:CH4,emission_co2e_ch4_trns_aviation:emission_co2e_ch4_trns_human_powered:emission_co2e_ch4_trns_powered_bikes:emission_co2e_ch4_trns_public:emission_co2e_ch4_trns_rail_freight:emission_co2e_ch4_trns_rail_passenger:emission_co2e_ch4_trns_road_heavy_freight:emission_co2e_ch4_trns_road_heavy_regional:emission_co2e_ch4_trns_road_light:emission_co2e_ch4_trns_water_borne
trns,1 - Energy,1.A.3 - Transport,CO2,1.A.3 - Transport:CO2,emission_co2e_co2_trns_aviation:emission_co2e_co2_trns_human_powered:emission_co2e_co2_trns_powered_bikes:emission_co2e_co2_trns_public:emission_co2e_co2_trns_rail_freight:emission_co2e_co2_trns_rail_passenger:emission_co2e_co2_trns_road_heavy_freight:emission_co2e_co2_trns_road_heavy_regional:emission_co2e_co2_trns_road_light:emission_co2e_co2_trns_water_borne
trns,1 - Energy,1.A.3 - Transport,N2O,1.A.3 - Transport:N2O,emission_co2e_n2o_trns_aviation:emission_co2e_n2o_trns_human_powered:emission_co2e_n2o_trns_powered_bikes:emission_co2e_n2o_trns_public:emission_co2e_n2o_trns_rail_freight:emission_co2e_n2o_trns_rail_passenger:emission_co2e_n2o_trns_road_heavy_freight:emission_co2e_n2o_trns_road_heavy_regional:emission_co2e_n2o_trns_road_light:emission_co2e_n2o_trns_water_borne
trww,4 - Waste,4.D - Wastewater,CH4,4.D - Wastewater:CH4,emission_co2e_ch4_trww_treated_advanced_aerobic_treatment:emission_co2e_ch4_trww_treated_advanced_anaerobic_treatment:emission_co2e_ch4_trww_treated_latrine_improved_treatment:emission_co2e_ch4_trww_treated_latrine_unimproved_treatment:emission_co2e_ch4_trww_treated_primary_treatment:emission_co2e_ch4_trww_treated_secondary_aerobic_treatment:emission_co2e_ch4_trww_treated_secondary_anaerobic_treatment:emission_co2e_ch4_trww_treated_septic_treatment:emission_co2e_ch4_trww_untreated_no_sewerage_treatment:emission_co2e_ch4_trww_untreated_with_sewerage_treatment
trww,4 - Waste,4.D - Wastewater,N2O,4.D - Wastewater:N2O,emission_co2e_n2o_trww_treated_advanced_aerobic_effluent:emission_co2e_n2o_trww_treated_advanced_aerobic_treatment:emission_co2e_n2o_trww_treated_advanced_anaerobic_effluent:emission_co2e_n2o_trww_treated_advanced_anaerobic_treatment:emission_co2e_n2o_trww_treated_latrine_improved_effluent:emission_co2e_n2o_trww_treated_latrine_improved_treatment:emission_co2e_n2o_trww_treated_latrine_unimproved_effluent:emission_co2e_n2o_trww_treated_latrine_unimproved_treatment:emission_co2e_n2o_trww_treated_primary_effluent:emission_co2e_n2o_trww_treated_primary_treatment:emission_co2e_n2o_trww_treated_secondary_aerobic_effluent:emission_co2e_n2o_trww_treated_secondary_aerobic_treatment:emission_co2e_n2o_trww_treated_secondary_anaerobic_effluent:emission_co2e_n2o_trww_treated_secondary_anaerobic_treatment:emission_co2e_n2o_trww_treated_septic_effluent:emission_co2e_n2o_trww_treated_septic_treatment:emission_co2e_n2o_trww_untreated_no_sewerage_effluent:emission_co2e_n2o_trww_untreated_no_sewerage_treatment:emission_co2e_n2o_trww_untreated_with_sewerage_effluent:emission_co2e_n2o_trww_untreated_with_sewerage_treatment
waso,4 - Waste,4.A - Solid Waste Disposal,CH4,4.A - Solid Waste Disposal:CH4,emission_co2e_ch4_waso_biogas_food:emission_co2e_ch4_waso_biogas_sludge:emission_co2e_ch4_waso_biogas_yard:emission_co2e_ch4_waso_compost_food:emission_co2e_ch4_waso_compost_sludge:emission_co2e_ch4_waso_compost_yard:emission_co2e_ch4_waso_incineration:emission_co2e_ch4_waso_landfilled_chemical_industrial:emission_co2e_ch4_waso_landfilled_food:emission_co2e_ch4_waso_landfilled_glass:emission_co2e_ch4_waso_landfilled_metal:emission_co2e_ch4_waso_landfilled_nappies:emission_co2e_ch4_waso_landfilled_other:emission_co2e_ch4_waso_landfilled_paper:emission_co2e_ch4_waso_landfilled_plastic:emission_co2e_ch4_waso_landfilled_rubber_leather:emission_co2e_ch4_waso_landfilled_sludge:emission_co2e_ch4_waso_landfilled_textiles:emission_co2e_ch4_waso_landfilled_wood:emission_co2e_ch4_waso_landfilled_yard:emission_co2e_ch4_waso_open_dump_chemical_industrial:emission_co2e_ch4_waso_open_dump_food:emission_co2e_ch4_waso_open_dump_glass:emission_co2e_ch4_waso_open_dump_metal:emission_co2e_ch4_waso_open_dump_nappies:emission_co2e_ch4_waso_open_dump_other:emission_co2e_ch4_waso_open_dump_paper:emission_co2e_ch4_waso_open_dump_plastic:emission_co2e_ch4_waso_open_dump_rubber_leather:emission_co2e_ch4_waso_open_dump_sludge:emission_co2e_ch4_waso_open_dump_textiles:emission_co2e_ch4_waso_open_dump_wood:emission_co2e_ch4_waso_open_dump_yard
waso,4 - Waste,4.A - Solid Waste Disposal,N2O,4.A - Solid Waste Disposal:N2O,emission_co2e_n2o_waso_compost_food:emission_co2e_n2o_waso_compost_sludge:emission_co2e_n2o_waso_compost_yard:emission_co2e_n2o_waso_incineration
entc,1 - Energy,1.A.1 - Energy Industries,CO2,1.A.1 - Energy Industries:CO2,emission_co2e_subsector_total_entc
fgtv,1 - Energy,1.B - Fugitive Emissions,CH4,1.B - Fugitive Emissions:CH4,emission_co2e_subsector_total_fgtv
lndu,3 - AFOLU,3.B - Land Use,CO2,3.B - Land Use:CO2,emission_co2e_subsector_total_lndu
frst,3 - AFOLU,3.B - Forest Land,CO2,3.B - Forest Land:CO2,emission_co2e_subsector_total_frst
ccsq,5 - CCSQ,5 - CCSQ,CO2,5 - CCSQ:CO2,emission_co2e_subsector_total_ccsq
